INSERT INTO `authitem` VALUES('admin', 2, 'System Administrator', '', 'N;');
INSERT INTO `authitem` VALUES('editor', 2, 'Site Editor', '', 'N;');
INSERT INTO `authitem` VALUES('member', 2, 'Site Member', 'return !Yii::app()->user->isGuest;', 'N;');
INSERT INTO `authitem` VALUES('guest', 2, 'Site Guest', '', 'N;');
INSERT INTO `authitem` VALUES('task_documentations', 1, 'Task Manage Documentations', '', 'N;');
INSERT INTO `authitem` VALUES('task_members', 1, 'Task Manage Users', '', 'N;');
INSERT INTO `authitem` VALUES('task_roles', 1, 'Task Manage User Roles', '', 'N;');
INSERT INTO `authitem` VALUES('task_settings', 1, 'Task Manage System Setting', '', 'N;');
INSERT INTO `authitem` VALUES('task_languages', 1, 'Task Manage System Languages', '', 'N;');
INSERT INTO `authitem` VALUES('task_tutorials', 1, 'Task Manage Tutorials', '', 'N;');
INSERT INTO `authitem` VALUES('task_custompages', 1, 'Task Manage Custom Pages', '', 'N;');
INSERT INTO `authitem` VALUES('task_blog', 1, 'Task Manage Blog', '', 'N;');
INSERT INTO `authitem` VALUES('task_extensions', 1, 'Task Manage Extensions', '', 'N;');
INSERT INTO `authitem` VALUES('op_doc_add_comments', 0, 'Documentations: Add Comments', '', 'N;');
INSERT INTO `authitem` VALUES('op_doc_delete_comments', 0, 'Documentations: Delete Comments', '', 'N;');
INSERT INTO `authitem` VALUES('op_doc_manage_comments', 0, 'Documentations: Manage Comments', '', 'N;');
INSERT INTO `authitem` VALUES('op_doc_edit_docs', 0, 'Documentations: Edit Topics', '', 'N;');
INSERT INTO `authitem` VALUES('op_settings_add_settings', 0, 'Settings: Add New Settings', '', 'N;');
INSERT INTO `authitem` VALUES('op_settings_update_settings', 0, 'Settings: Update Settings', '', 'N;');
INSERT INTO `authitem` VALUES('op_settings_delete_settings', 0, 'Settings: Delete Settings', '', 'N;');
INSERT INTO `authitem` VALUES('op_settings_add_settings_groups', 0, 'Settings: Add Setting Groups', '', 'N;');
INSERT INTO `authitem` VALUES('op_settings_edit_settings_groups', 0, 'Settings: Edit Setting Groups', '', 'N;');
INSERT INTO `authitem` VALUES('op_settings_delete_settings_groups', 0, 'Settings: Delete Setting Groups', '', 'N;');
INSERT INTO `authitem` VALUES('op_settings_view_settings', 0, 'Settings: View Settings', '', 'N;');
INSERT INTO `authitem` VALUES('op_settings_edit_settings', 0, 'Settings: Edit Settings', '', 'N;');
INSERT INTO `authitem` VALUES('op_settings_revert_settings', 0, 'Settings: Revert Settings', '', 'N;');
INSERT INTO `authitem` VALUES('op_lang_copy_strings', 0, 'Languages: Copy Source Language Strings', '', 'N;');
INSERT INTO `authitem` VALUES('op_lang_translate', 0, 'Languages: Translate Strings', '', 'N;');
INSERT INTO `authitem` VALUES('op_users_add_users', 0, 'Users: Add New Users', '', 'N;');
INSERT INTO `authitem` VALUES('op_users_edit_users', 0, 'Users: Edit Users', '', 'N;');
INSERT INTO `authitem` VALUES('op_users_delete_users', 0, 'Users: Delete Users', '', 'N;');
INSERT INTO `authitem` VALUES('op_users_bulk_users', 0, 'Users: Perform Bulk Operations On Users', '', 'N;');
INSERT INTO `authitem` VALUES('op_roles_add_auth', 0, 'Roles: Add Auth Items', '', 'N;');
INSERT INTO `authitem` VALUES('op_roles_add_authchild', 0, 'Roles: Add Auth Items Childs', '', 'N;');
INSERT INTO `authitem` VALUES('op_roles_edit_auth', 0, 'Roles: Edit Auth Items', '', 'N;');
INSERT INTO `authitem` VALUES('op_roles_delete_auth', 0, 'Roles: Delete Auth Items', '', 'N;');
INSERT INTO `authitem` VALUES('op_custompages_addpages', 0, 'Custom Pages: Add New Pages', '', 'N;');
INSERT INTO `authitem` VALUES('op_custompages_editpages', 0, 'Custom Pages: Edit Pages', '', 'N;');
INSERT INTO `authitem` VALUES('op_custompages_deletepages', 0, 'Custom Pages: Delete Pages', '', 'N;');
INSERT INTO `authitem` VALUES('op_custompages_managepages', 0, 'Custom Pages: Manage Pages', '', 'N;');
INSERT INTO `authitem` VALUES('op_tutorials_addcats', 0, 'Tutorials: Add Categories', '', 'N;');
INSERT INTO `authitem` VALUES('op_tutorials_editcats', 0, 'Tutorials: Edit Categories', '', 'N;');
INSERT INTO `authitem` VALUES('op_tutorials_deletecats', 0, 'Tutorials: Delete Categories', '', 'N;');
INSERT INTO `authitem` VALUES('op_tutorials_addtutorials', 0, 'Tutorials: Add Tutorials', '', 'N;');
INSERT INTO `authitem` VALUES('op_tutorials_edittutorials', 0, 'Tutorials: Edit Tutorials', '', 'N;');
INSERT INTO `authitem` VALUES('op_tutorials_comments', 0, 'Tutorials: Manage Comments', '', 'N;');
INSERT INTO `authitem` VALUES('op_tutorials_deletecomments', 0, 'Tutorials: Delete Comments', '', 'N;');
INSERT INTO `authitem` VALUES('op_tutorials_manage', 0, 'Tutorials: Manage Tutorials', '', 'N;');
INSERT INTO `authitem` VALUES('op_tutorials_managecats', 0, 'Tutorials: Manage Categories', '', 'N;');
INSERT INTO `authitem` VALUES('op_tutorials_deletetutorials', 0, 'Tutorials: Delete Tutorials', '', 'N;');
INSERT INTO `authitem` VALUES('op_blog_addcats', 0, 'Blog: Add Categories', '', 'N;');
INSERT INTO `authitem` VALUES('op_blog_editcats', 0, 'Blog: Edit Categories', '', 'N;');
INSERT INTO `authitem` VALUES('op_blog_deletecats', 0, 'Blog: Delete Categories', '', 'N;');
INSERT INTO `authitem` VALUES('op_blog_addposts', 0, 'Blog: Add Posts', '', 'N;');
INSERT INTO `authitem` VALUES('op_blog_editposts', 0, 'Blog: Edit Posts', '', 'N;');
INSERT INTO `authitem` VALUES('op_blog_comments', 0, 'Blog: Manage Comments', '', 'N;');
INSERT INTO `authitem` VALUES('op_blog_deletecomments', 0, 'Blog: Delete Comments', '', 'N;');
INSERT INTO `authitem` VALUES('op_blog_manage', 0, 'Blog: Manage Posts', '', 'N;');
INSERT INTO `authitem` VALUES('op_blog_managecats', 0, 'Blog: Manage Categories', '', 'N;');
INSERT INTO `authitem` VALUES('op_blog_deleteposts', 0, 'Blog: Delete Posts', '', 'N;');
INSERT INTO `authitem` VALUES('op_extensions_addcats', 0, 'Extensions: Add Categories', '', 'N;');
INSERT INTO `authitem` VALUES('op_extensions_editcats', 0, 'Extensions: Edit Categories', '', 'N;');
INSERT INTO `authitem` VALUES('op_extensions_deletecats', 0, 'Extensions: Delete Categories', '', 'N;');
INSERT INTO `authitem` VALUES('op_extensions_addposts', 0, 'Extensions: Add Extensions', '', 'N;');
INSERT INTO `authitem` VALUES('op_extensions_editposts', 0, 'Extensions: Edit Extensions', '', 'N;');
INSERT INTO `authitem` VALUES('op_extensions_comments', 0, 'Extensions: Manage Comments', '', 'N;');
INSERT INTO `authitem` VALUES('op_extensions_deletecomments', 0, 'Extensions: Delete Comments', '', 'N;');
INSERT INTO `authitem` VALUES('op_extensions_manage', 0, 'Extensions: Manage Posts', '', 'N;');
INSERT INTO `authitem` VALUES('op_extensions_managecats', 0, 'Extensions: Manage Categories', '', 'N;');
INSERT INTO `authitem` VALUES('op_extensions_deleteposts', 0, 'Extensions: Delete Extension', '', 'N;');
INSERT INTO `authitem` VALUES('op_acp_access', 0, 'Admin: Enter The Admin Control Panel', '', 'N;');
INSERT INTO `authitem` VALUES('op_users_comment', 0, 'Users: Add Comments to profiles', '', 'N;');
INSERT INTO `authitem` VALUES('op_users_manage_comments', 0, 'Users: Manage Comments', '', 'N;');

--
-- Dumping data for table `authitemchild`
--

INSERT INTO `authitemchild` VALUES('admin', 'editor');
INSERT INTO `authitemchild` VALUES('admin', 'guest');
INSERT INTO `authitemchild` VALUES('admin', 'member');
INSERT INTO `authitemchild` VALUES('admin', 'op_acp_access');
INSERT INTO `authitemchild` VALUES('admin', 'op_blog_addcats');
INSERT INTO `authitemchild` VALUES('admin', 'op_blog_addposts');
INSERT INTO `authitemchild` VALUES('admin', 'op_blog_comments');
INSERT INTO `authitemchild` VALUES('admin', 'op_blog_deletecats');
INSERT INTO `authitemchild` VALUES('admin', 'op_blog_deletecomments');
INSERT INTO `authitemchild` VALUES('admin', 'op_blog_deleteposts');
INSERT INTO `authitemchild` VALUES('admin', 'op_blog_editcats');
INSERT INTO `authitemchild` VALUES('admin', 'op_blog_editposts');
INSERT INTO `authitemchild` VALUES('admin', 'op_blog_manage');
INSERT INTO `authitemchild` VALUES('admin', 'op_blog_managecats');
INSERT INTO `authitemchild` VALUES('admin', 'op_custompages_addpages');
INSERT INTO `authitemchild` VALUES('admin', 'op_custompages_deletepages');
INSERT INTO `authitemchild` VALUES('admin', 'op_custompages_editpages');
INSERT INTO `authitemchild` VALUES('admin', 'op_custompages_managepages');
INSERT INTO `authitemchild` VALUES('admin', 'op_doc_add_comments');
INSERT INTO `authitemchild` VALUES('admin', 'op_doc_delete_comments');
INSERT INTO `authitemchild` VALUES('admin', 'op_doc_edit_docs');
INSERT INTO `authitemchild` VALUES('admin', 'op_doc_manage_comments');
INSERT INTO `authitemchild` VALUES('admin', 'op_extensions_addcats');
INSERT INTO `authitemchild` VALUES('admin', 'op_extensions_addposts');
INSERT INTO `authitemchild` VALUES('admin', 'op_extensions_comments');
INSERT INTO `authitemchild` VALUES('admin', 'op_extensions_deletecats');
INSERT INTO `authitemchild` VALUES('admin', 'op_extensions_deletecomments');
INSERT INTO `authitemchild` VALUES('admin', 'op_extensions_deleteposts');
INSERT INTO `authitemchild` VALUES('admin', 'op_extensions_editcats');
INSERT INTO `authitemchild` VALUES('admin', 'op_extensions_editposts');
INSERT INTO `authitemchild` VALUES('admin', 'op_extensions_manage');
INSERT INTO `authitemchild` VALUES('admin', 'op_extensions_managecats');
INSERT INTO `authitemchild` VALUES('admin', 'op_lang_copy_strings');
INSERT INTO `authitemchild` VALUES('admin', 'op_lang_translate');
INSERT INTO `authitemchild` VALUES('admin', 'op_roles_add_auth');
INSERT INTO `authitemchild` VALUES('admin', 'op_roles_add_authchild');
INSERT INTO `authitemchild` VALUES('admin', 'op_roles_delete_auth');
INSERT INTO `authitemchild` VALUES('admin', 'op_roles_edit_auth');
INSERT INTO `authitemchild` VALUES('admin', 'op_settings_add_settings');
INSERT INTO `authitemchild` VALUES('admin', 'op_settings_add_settings_groups');
INSERT INTO `authitemchild` VALUES('admin', 'op_settings_delete_settings');
INSERT INTO `authitemchild` VALUES('admin', 'op_settings_delete_settings_groups');
INSERT INTO `authitemchild` VALUES('admin', 'op_settings_edit_settings');
INSERT INTO `authitemchild` VALUES('admin', 'op_settings_edit_settings_groups');
INSERT INTO `authitemchild` VALUES('admin', 'op_settings_revert_settings');
INSERT INTO `authitemchild` VALUES('admin', 'op_settings_update_settings');
INSERT INTO `authitemchild` VALUES('admin', 'op_settings_view_settings');
INSERT INTO `authitemchild` VALUES('admin', 'op_tutorials_addcats');
INSERT INTO `authitemchild` VALUES('admin', 'op_tutorials_addtutorials');
INSERT INTO `authitemchild` VALUES('admin', 'op_tutorials_comments');
INSERT INTO `authitemchild` VALUES('admin', 'op_tutorials_deletecats');
INSERT INTO `authitemchild` VALUES('admin', 'op_tutorials_deletecomments');
INSERT INTO `authitemchild` VALUES('admin', 'op_tutorials_deletetutorials');
INSERT INTO `authitemchild` VALUES('admin', 'op_tutorials_editcats');
INSERT INTO `authitemchild` VALUES('admin', 'op_tutorials_edittutorials');
INSERT INTO `authitemchild` VALUES('admin', 'op_tutorials_manage');
INSERT INTO `authitemchild` VALUES('admin', 'op_tutorials_managecats');
INSERT INTO `authitemchild` VALUES('admin', 'op_users_add_users');
INSERT INTO `authitemchild` VALUES('admin', 'op_users_bulk_users');
INSERT INTO `authitemchild` VALUES('admin', 'op_users_comment');
INSERT INTO `authitemchild` VALUES('admin', 'op_users_delete_users');
INSERT INTO `authitemchild` VALUES('admin', 'op_users_edit_users');
INSERT INTO `authitemchild` VALUES('admin', 'op_users_manage_comments');
INSERT INTO `authitemchild` VALUES('admin', 'task_blog');
INSERT INTO `authitemchild` VALUES('admin', 'task_custompages');
INSERT INTO `authitemchild` VALUES('admin', 'task_documentations');
INSERT INTO `authitemchild` VALUES('admin', 'task_extensions');
INSERT INTO `authitemchild` VALUES('admin', 'task_languages');
INSERT INTO `authitemchild` VALUES('admin', 'task_members');
INSERT INTO `authitemchild` VALUES('admin', 'task_roles');
INSERT INTO `authitemchild` VALUES('admin', 'task_settings');
INSERT INTO `authitemchild` VALUES('admin', 'task_tutorials');
INSERT INTO `authitemchild` VALUES('editor', 'member');
INSERT INTO `authitemchild` VALUES('editor', 'op_doc_add_comments');
INSERT INTO `authitemchild` VALUES('editor', 'op_doc_manage_comments');
INSERT INTO `authitemchild` VALUES('guest', 'op_tutorials_addtutorials');
INSERT INTO `authitemchild` VALUES('manage_posts', 'add_post');
INSERT INTO `authitemchild` VALUES('member', 'guest');
INSERT INTO `authitemchild` VALUES('member', 'op_blog_addposts');
INSERT INTO `authitemchild` VALUES('member', 'op_doc_add_comments');
INSERT INTO `authitemchild` VALUES('member', 'op_extensions_addposts');
INSERT INTO `authitemchild` VALUES('member', 'op_tutorials_addtutorials');
INSERT INTO `authitemchild` VALUES('member', 'op_users_comment');
INSERT INTO `authitemchild` VALUES('moderators', 'manage_posts');
INSERT INTO `authitemchild` VALUES('task_blog', 'op_blog_addcats');
INSERT INTO `authitemchild` VALUES('task_blog', 'op_blog_addposts');
INSERT INTO `authitemchild` VALUES('task_blog', 'op_blog_comments');
INSERT INTO `authitemchild` VALUES('task_blog', 'op_blog_deletecats');
INSERT INTO `authitemchild` VALUES('task_blog', 'op_blog_deletecomments');
INSERT INTO `authitemchild` VALUES('task_blog', 'op_blog_deleteposts');
INSERT INTO `authitemchild` VALUES('task_blog', 'op_blog_editcats');
INSERT INTO `authitemchild` VALUES('task_blog', 'op_blog_editposts');
INSERT INTO `authitemchild` VALUES('task_blog', 'op_blog_manage');
INSERT INTO `authitemchild` VALUES('task_blog', 'op_blog_managecats');
INSERT INTO `authitemchild` VALUES('task_custompages', 'op_custompages_addpages');
INSERT INTO `authitemchild` VALUES('task_custompages', 'op_custompages_deletepages');
INSERT INTO `authitemchild` VALUES('task_custompages', 'op_custompages_editpages');
INSERT INTO `authitemchild` VALUES('task_custompages', 'op_custompages_managepages');
INSERT INTO `authitemchild` VALUES('task_documentations', 'op_doc_add_comments');
INSERT INTO `authitemchild` VALUES('task_documentations', 'op_doc_delete_comments');
INSERT INTO `authitemchild` VALUES('task_documentations', 'op_doc_edit_docs');
INSERT INTO `authitemchild` VALUES('task_documentations', 'op_doc_manage_comments');
INSERT INTO `authitemchild` VALUES('task_extensions', 'op_extensions_addcats');
INSERT INTO `authitemchild` VALUES('task_extensions', 'op_extensions_addposts');
INSERT INTO `authitemchild` VALUES('task_extensions', 'op_extensions_comments');
INSERT INTO `authitemchild` VALUES('task_extensions', 'op_extensions_deletecats');
INSERT INTO `authitemchild` VALUES('task_extensions', 'op_extensions_deletecomments');
INSERT INTO `authitemchild` VALUES('task_extensions', 'op_extensions_deleteposts');
INSERT INTO `authitemchild` VALUES('task_extensions', 'op_extensions_editcats');
INSERT INTO `authitemchild` VALUES('task_extensions', 'op_extensions_editposts');
INSERT INTO `authitemchild` VALUES('task_extensions', 'op_extensions_manage');
INSERT INTO `authitemchild` VALUES('task_extensions', 'op_extensions_managecats');
INSERT INTO `authitemchild` VALUES('task_languages', 'op_lang_copy_strings');
INSERT INTO `authitemchild` VALUES('task_languages', 'op_lang_translate');
INSERT INTO `authitemchild` VALUES('task_members', 'op_users_add_users');
INSERT INTO `authitemchild` VALUES('task_members', 'op_users_bulk_users');
INSERT INTO `authitemchild` VALUES('task_members', 'op_users_comment');
INSERT INTO `authitemchild` VALUES('task_members', 'op_users_delete_users');
INSERT INTO `authitemchild` VALUES('task_members', 'op_users_edit_users');
INSERT INTO `authitemchild` VALUES('task_members', 'op_users_manage_comments');
INSERT INTO `authitemchild` VALUES('task_roles', 'op_roles_add_auth');
INSERT INTO `authitemchild` VALUES('task_roles', 'op_roles_add_authchild');
INSERT INTO `authitemchild` VALUES('task_roles', 'op_roles_delete_auth');
INSERT INTO `authitemchild` VALUES('task_roles', 'op_roles_edit_auth');
INSERT INTO `authitemchild` VALUES('task_settings', 'op_settings_add_settings');
INSERT INTO `authitemchild` VALUES('task_settings', 'op_settings_add_settings_groups');
INSERT INTO `authitemchild` VALUES('task_settings', 'op_settings_delete_settings');
INSERT INTO `authitemchild` VALUES('task_settings', 'op_settings_delete_settings_groups');
INSERT INTO `authitemchild` VALUES('task_settings', 'op_settings_edit_settings');
INSERT INTO `authitemchild` VALUES('task_settings', 'op_settings_edit_settings_groups');
INSERT INTO `authitemchild` VALUES('task_settings', 'op_settings_revert_settings');
INSERT INTO `authitemchild` VALUES('task_settings', 'op_settings_update_settings');
INSERT INTO `authitemchild` VALUES('task_settings', 'op_settings_view_settings');
INSERT INTO `authitemchild` VALUES('task_tutorials', 'op_tutorials_addcats');
INSERT INTO `authitemchild` VALUES('task_tutorials', 'op_tutorials_addtutorials');
INSERT INTO `authitemchild` VALUES('task_tutorials', 'op_tutorials_comments');
INSERT INTO `authitemchild` VALUES('task_tutorials', 'op_tutorials_deletecats');
INSERT INTO `authitemchild` VALUES('task_tutorials', 'op_tutorials_deletecomments');
INSERT INTO `authitemchild` VALUES('task_tutorials', 'op_tutorials_deletetutorials');
INSERT INTO `authitemchild` VALUES('task_tutorials', 'op_tutorials_editcats');
INSERT INTO `authitemchild` VALUES('task_tutorials', 'op_tutorials_edittutorials');
INSERT INTO `authitemchild` VALUES('task_tutorials', 'op_tutorials_manage');
INSERT INTO `authitemchild` VALUES('task_tutorials', 'op_tutorials_managecats');

--
-- Dumping data for table `SourceMessage`
--

INSERT INTO `SourceMessage` VALUES(1, 'global', 'Yiiframework.co.il');
INSERT INTO `SourceMessage` VALUES(2, 'global', 'Admin');
INSERT INTO `SourceMessage` VALUES(3, 'adminglobal', 'Dashboard');
INSERT INTO `SourceMessage` VALUES(4, 'adminglobal', 'Are you sure you want to delete this item?\\nThis action cannot be undone!');
INSERT INTO `SourceMessage` VALUES(5, 'adminglobal', 'OK! Action Cancled.');
INSERT INTO `SourceMessage` VALUES(6, 'adminglobal', 'Admin Panel');
INSERT INTO `SourceMessage` VALUES(7, 'adminglobal', 'Hello,');
INSERT INTO `SourceMessage` VALUES(8, 'adminglobal', 'Edit your profile');
INSERT INTO `SourceMessage` VALUES(9, 'adminglobal', 'You have');
INSERT INTO `SourceMessage` VALUES(10, 'adminglobal', '{n} Messages');
INSERT INTO `SourceMessage` VALUES(11, 'adminglobal', 'View the Site');
INSERT INTO `SourceMessage` VALUES(12, 'adminglobal', 'Sign Out');
INSERT INTO `SourceMessage` VALUES(13, 'adminglobal', 'System');
INSERT INTO `SourceMessage` VALUES(14, 'adminglobal', 'Manage Settings');
INSERT INTO `SourceMessage` VALUES(15, 'adminglobal', 'Management');
INSERT INTO `SourceMessage` VALUES(16, 'adminglobal', 'Manage Members');
INSERT INTO `SourceMessage` VALUES(17, 'adminglobal', 'Roles, Tasks & Operations');
INSERT INTO `SourceMessage` VALUES(18, 'adminglobal', 'Javascript is disabled or is not supported by your browser. Please <a href="http://browsehappy.com/" title="Upgrade to a better browser">upgrade</a> your browser or <a href="http://www.google.com/support/bin/answer.py?answer=23852" title="Enable Javascript in your browser">enable</a> Javascript to navigate the interface properly.');
INSERT INTO `SourceMessage` VALUES(19, 'adminglobal', 'Home');
INSERT INTO `SourceMessage` VALUES(20, 'adminglobal', '{sitename} &copy; 2010 All rights reserved.');
INSERT INTO `SourceMessage` VALUES(21, 'adminglobal', 'Settings');
INSERT INTO `SourceMessage` VALUES(22, 'adminsettings', 'Add Setting Group');
INSERT INTO `SourceMessage` VALUES(23, 'adminsettings', 'Add Setting');
INSERT INTO `SourceMessage` VALUES(24, 'adminsettings', 'Settings Categories');
INSERT INTO `SourceMessage` VALUES(25, 'adminsettings', 'Title');
INSERT INTO `SourceMessage` VALUES(26, 'adminsettings', 'Description');
INSERT INTO `SourceMessage` VALUES(27, 'adminsettings', 'Key');
INSERT INTO `SourceMessage` VALUES(28, 'adminsettings', 'Count');
INSERT INTO `SourceMessage` VALUES(29, 'adminsettings', 'Options');
INSERT INTO `SourceMessage` VALUES(30, 'adminsettings', 'View category settings');
INSERT INTO `SourceMessage` VALUES(31, 'adminsettings', 'Total Settings');
INSERT INTO `SourceMessage` VALUES(32, 'adminglobal', 'Add setting to this group');
INSERT INTO `SourceMessage` VALUES(33, 'adminglobal', 'Edit this group');
INSERT INTO `SourceMessage` VALUES(34, 'adminglobal', 'Delete this group!');
INSERT INTO `SourceMessage` VALUES(35, 'adminglobal', 'General Settings');
INSERT INTO `SourceMessage` VALUES(36, 'adminsettings', 'Hover over the setting title to see a description if one exists.');
INSERT INTO `SourceMessage` VALUES(37, 'adminsettings', 'Configure Settings');
INSERT INTO `SourceMessage` VALUES(38, 'adminsettings', '(Setting Changed)');
INSERT INTO `SourceMessage` VALUES(39, 'adminglobal', 'Revert setting value to the default value.');
INSERT INTO `SourceMessage` VALUES(40, 'adminglobal', 'Edit this setting');
INSERT INTO `SourceMessage` VALUES(41, 'adminglobal', 'Delete this setting!');
INSERT INTO `SourceMessage` VALUES(42, 'adminglobal', 'Save');
INSERT INTO `SourceMessage` VALUES(43, 'adminglobal', 'Close this notification');
INSERT INTO `SourceMessage` VALUES(44, 'adminglobal', 'Adding setting group');
INSERT INTO `SourceMessage` VALUES(45, 'adminsettings', 'Adding setting group');
INSERT INTO `SourceMessage` VALUES(46, 'adminglobal', 'Submit');
INSERT INTO `SourceMessage` VALUES(47, 'adminglobal', 'Adding Setting');
INSERT INTO `SourceMessage` VALUES(48, 'adminsettings', 'Adding Setting');
INSERT INTO `SourceMessage` VALUES(49, 'adminsettings', 'Setting Title');
INSERT INTO `SourceMessage` VALUES(50, 'adminsettings', 'Setting Description');
INSERT INTO `SourceMessage` VALUES(51, 'adminsettings', 'Setting Key');
INSERT INTO `SourceMessage` VALUES(52, 'adminsettings', 'Setting Group');
INSERT INTO `SourceMessage` VALUES(53, 'adminglobal', '-- Choose Value --');
INSERT INTO `SourceMessage` VALUES(54, 'adminsettings', 'Setting Type');
INSERT INTO `SourceMessage` VALUES(55, 'adminsettings', 'Text Field');
INSERT INTO `SourceMessage` VALUES(56, 'adminsettings', 'Text Area');
INSERT INTO `SourceMessage` VALUES(57, 'adminsettings', 'Select Box');
INSERT INTO `SourceMessage` VALUES(58, 'adminsettings', 'Multi Select Box');
INSERT INTO `SourceMessage` VALUES(59, 'adminsettings', 'Yes/No');
INSERT INTO `SourceMessage` VALUES(60, 'adminsettings', 'HTML Editor');
INSERT INTO `SourceMessage` VALUES(61, 'adminsettings', 'Setting Default Value');
INSERT INTO `SourceMessage` VALUES(62, 'adminsettings', 'Setting Current Value');
INSERT INTO `SourceMessage` VALUES(63, 'adminsettings', 'Setting Extra');
INSERT INTO `SourceMessage` VALUES(64, 'adminsettings', 'Setting PHP Code');
INSERT INTO `SourceMessage` VALUES(65, 'adminglobal', 'Members');
INSERT INTO `SourceMessage` VALUES(66, 'adminmembers', 'Add User');
INSERT INTO `SourceMessage` VALUES(67, 'adminmembers', 'Users');
INSERT INTO `SourceMessage` VALUES(68, 'adminmembers', 'Username');
INSERT INTO `SourceMessage` VALUES(69, 'adminmembers', 'Sort user list by username');
INSERT INTO `SourceMessage` VALUES(70, 'adminmembers', 'Email');
INSERT INTO `SourceMessage` VALUES(71, 'adminmembers', 'Sort user list by email');
INSERT INTO `SourceMessage` VALUES(72, 'adminmembers', 'Role');
INSERT INTO `SourceMessage` VALUES(73, 'adminmembers', 'Sort user list by role');
INSERT INTO `SourceMessage` VALUES(74, 'adminmembers', 'Joined');
INSERT INTO `SourceMessage` VALUES(75, 'adminmembers', 'Sort user list by joined date');
INSERT INTO `SourceMessage` VALUES(76, 'adminmembers', 'Options');
INSERT INTO `SourceMessage` VALUES(77, 'global', '-- Choose Action --');
INSERT INTO `SourceMessage` VALUES(78, 'global', 'Delete Selected');
INSERT INTO `SourceMessage` VALUES(79, 'global', 'Apply');
INSERT INTO `SourceMessage` VALUES(80, 'adminmembers', 'Are you sure you would like to perform a bulk operation?');
INSERT INTO `SourceMessage` VALUES(81, 'adminmembers', 'View User');
INSERT INTO `SourceMessage` VALUES(82, 'adminmembers', 'Joined Date');
INSERT INTO `SourceMessage` VALUES(83, 'adminmembers', 'Edit this member');
INSERT INTO `SourceMessage` VALUES(84, 'adminmembers', 'Delete this member!');
INSERT INTO `SourceMessage` VALUES(85, 'adminroles', 'Roles');
INSERT INTO `SourceMessage` VALUES(86, 'adminroles', 'Add Auth Item');
INSERT INTO `SourceMessage` VALUES(87, 'adminroles', 'Auth Items');
INSERT INTO `SourceMessage` VALUES(88, 'adminroles', 'Name');
INSERT INTO `SourceMessage` VALUES(89, 'adminroles', 'Sort list by name');
INSERT INTO `SourceMessage` VALUES(90, 'adminroles', 'Description');
INSERT INTO `SourceMessage` VALUES(91, 'adminroles', 'Sort list by description');
INSERT INTO `SourceMessage` VALUES(92, 'adminroles', 'Type');
INSERT INTO `SourceMessage` VALUES(93, 'adminroles', 'Sort list by type');
INSERT INTO `SourceMessage` VALUES(94, 'adminroles', 'Children');
INSERT INTO `SourceMessage` VALUES(95, 'adminroles', 'Options');
INSERT INTO `SourceMessage` VALUES(96, 'adminroles', 'View Auth Item');
INSERT INTO `SourceMessage` VALUES(97, 'adminroles', 'Role');
INSERT INTO `SourceMessage` VALUES(98, 'adminroles', 'Item Children');
INSERT INTO `SourceMessage` VALUES(99, 'adminroles', 'Add auth child item');
INSERT INTO `SourceMessage` VALUES(100, 'adminroles', 'Edit this auth item');
INSERT INTO `SourceMessage` VALUES(101, 'adminroles', 'Delete this auth item!');
INSERT INTO `SourceMessage` VALUES(102, 'adminroles', 'Adding Role');
INSERT INTO `SourceMessage` VALUES(103, 'adminroles', 'Adding Auth Item');
INSERT INTO `SourceMessage` VALUES(104, 'adminroles', 'Auth Item Name');
INSERT INTO `SourceMessage` VALUES(105, 'adminroles', 'Auth Item Description');
INSERT INTO `SourceMessage` VALUES(106, 'adminroles', 'Auth Item Type');
INSERT INTO `SourceMessage` VALUES(107, 'global', '-- Choose Value --');
INSERT INTO `SourceMessage` VALUES(108, 'adminroles', 'Auth Item bizRule');
INSERT INTO `SourceMessage` VALUES(109, 'adminroles', 'Auth Item Data');
INSERT INTO `SourceMessage` VALUES(110, 'global', 'Contact Us');
INSERT INTO `SourceMessage` VALUES(111, 'global', 'Blog');
INSERT INTO `SourceMessage` VALUES(112, 'global', 'Extensions');
INSERT INTO `SourceMessage` VALUES(113, 'global', 'Documentation');
INSERT INTO `SourceMessage` VALUES(114, 'global', 'Home');
INSERT INTO `SourceMessage` VALUES(115, 'members', 'Logged in as, {username}');
INSERT INTO `SourceMessage` VALUES(116, 'global', 'English');
INSERT INTO `SourceMessage` VALUES(117, 'global', 'Hebrew');
INSERT INTO `SourceMessage` VALUES(118, 'global', 'Moderator Panel');
INSERT INTO `SourceMessage` VALUES(119, 'members', 'Logout');
INSERT INTO `SourceMessage` VALUES(120, 'adminglobal', 'Manage Languages');
INSERT INTO `SourceMessage` VALUES(121, 'adminlanguages', 'Languages');
INSERT INTO `SourceMessage` VALUES(122, 'documentation', 'Complete Documentation');
INSERT INTO `SourceMessage` VALUES(123, 'global', 'Welcome To {sitename}');
INSERT INTO `SourceMessage` VALUES(124, 'global', 'New Members');
INSERT INTO `SourceMessage` VALUES(125, 'global', 'If you are a new member visiting this site, Once you get a chance to browse through the site, Please take a moment to register to be able to have access to the full feautres this site offers.');
INSERT INTO `SourceMessage` VALUES(126, 'global', 'Existing Members');
INSERT INTO `SourceMessage` VALUES(127, 'global', 'If you are an existing member please take a moment to Login In and have full access to the sites features.');
INSERT INTO `SourceMessage` VALUES(128, 'global', 'Member Log In');
INSERT INTO `SourceMessage` VALUES(129, 'members', 'Email');
INSERT INTO `SourceMessage` VALUES(130, 'members', 'Password');
INSERT INTO `SourceMessage` VALUES(131, 'members', 'Security Code');
INSERT INTO `SourceMessage` VALUES(132, 'global', 'Remember Me');
INSERT INTO `SourceMessage` VALUES(133, 'global', 'Login');
INSERT INTO `SourceMessage` VALUES(134, 'global', 'Lost Your Password?');
INSERT INTO `SourceMessage` VALUES(135, 'global', 'Not A Member Yet? Sign Up!');
INSERT INTO `SourceMessage` VALUES(136, 'members', 'Username');
INSERT INTO `SourceMessage` VALUES(137, 'members', 'Password Confirmation');
INSERT INTO `SourceMessage` VALUES(138, 'global', 'Refresh');
INSERT INTO `SourceMessage` VALUES(139, 'global', 'Enter the text displayed in the image.');
INSERT INTO `SourceMessage` VALUES(140, 'global', 'Register');
INSERT INTO `SourceMessage` VALUES(141, 'global', 'Log In | Register');
INSERT INTO `SourceMessage` VALUES(142, 'global', 'Close Panel');
INSERT INTO `SourceMessage` VALUES(143, 'documentation', 'The Blog Tutorial');
INSERT INTO `SourceMessage` VALUES(144, 'adminlang', 'Languages');
INSERT INTO `SourceMessage` VALUES(145, 'adminlang', 'Langauges');
INSERT INTO `SourceMessage` VALUES(146, 'adminlang', 'Language Key');
INSERT INTO `SourceMessage` VALUES(147, 'adminlang', 'Language Title');
INSERT INTO `SourceMessage` VALUES(148, 'adminlang', 'Source Language');
INSERT INTO `SourceMessage` VALUES(149, 'adminlang', '# Strings');
INSERT INTO `SourceMessage` VALUES(150, 'adminlang', 'Options');
INSERT INTO `SourceMessage` VALUES(151, 'adminlang', 'Source cannot be translated');
INSERT INTO `SourceMessage` VALUES(152, 'adminlang', 'Not Source Language');
INSERT INTO `SourceMessage` VALUES(153, 'adminlang', 'Translate this language');
INSERT INTO `SourceMessage` VALUES(154, 'adminlang', 'Copy missing language strings from source into this language');
INSERT INTO `SourceMessage` VALUES(155, 'adminlang', 'Copy completed! Total of {number} missing strings copied.');
INSERT INTO `SourceMessage` VALUES(156, 'adminlang', 'Language Strings');
INSERT INTO `SourceMessage` VALUES(157, 'adminlang', 'String ID');
INSERT INTO `SourceMessage` VALUES(158, 'adminlang', 'Sort by string id');
INSERT INTO `SourceMessage` VALUES(159, 'adminlang', 'Original String');
INSERT INTO `SourceMessage` VALUES(160, 'adminlang', 'Translation');
INSERT INTO `SourceMessage` VALUES(161, 'adminlang', 'Sort by translation');
INSERT INTO `SourceMessage` VALUES(162, 'adminlang', 'ID');
INSERT INTO `SourceMessage` VALUES(163, 'adminlang', 'Translate');
INSERT INTO `SourceMessage` VALUES(164, 'adminlang', 'Submit');
INSERT INTO `SourceMessage` VALUES(165, 'adminlang', 'Strings Updated.');
INSERT INTO `SourceMessage` VALUES(166, 'adminlang', 'Revert translation to original');
INSERT INTO `SourceMessage` VALUES(167, 'adminlang', 'String Reverted.');
INSERT INTO `SourceMessage` VALUES(168, 'adminroles', 'Editing auth item');
INSERT INTO `SourceMessage` VALUES(169, 'adminroles', 'Auth Item Updated.');
INSERT INTO `SourceMessage` VALUES(170, 'adminroles', 'Viewing Child Items');
INSERT INTO `SourceMessage` VALUES(171, 'adminroles', 'Add Auth Item Child');
INSERT INTO `SourceMessage` VALUES(172, 'adminroles', 'Child Auth Items');
INSERT INTO `SourceMessage` VALUES(173, 'adminroles', 'Parent');
INSERT INTO `SourceMessage` VALUES(174, 'adminroles', 'Sort list by parent');
INSERT INTO `SourceMessage` VALUES(175, 'adminroles', 'Child');
INSERT INTO `SourceMessage` VALUES(176, 'adminroles', 'Sort list by child');
INSERT INTO `SourceMessage` VALUES(177, 'adminroles', 'Delete this relationship!');
INSERT INTO `SourceMessage` VALUES(178, 'adminroles', 'Auth Item Deleted.');
INSERT INTO `SourceMessage` VALUES(179, 'adminroles', 'No items found.');
INSERT INTO `SourceMessage` VALUES(180, 'adminroles', 'Role Added.');
INSERT INTO `SourceMessage` VALUES(181, 'adminroles', 'Task');
INSERT INTO `SourceMessage` VALUES(182, 'adminroles', 'Adding auth item child');
INSERT INTO `SourceMessage` VALUES(183, 'adminroles', 'Auth Item Parent');
INSERT INTO `SourceMessage` VALUES(184, 'adminroles', 'Auth Item Child');
INSERT INTO `SourceMessage` VALUES(185, 'adminroles', 'Child item Added.');
INSERT INTO `SourceMessage` VALUES(186, 'adminlang', 'Search:');
INSERT INTO `SourceMessage` VALUES(187, 'adminglobal', 'Documentation');
INSERT INTO `SourceMessage` VALUES(188, 'adminglobal', 'Manage Documentation');
INSERT INTO `SourceMessage` VALUES(189, 'adminglobal', 'Manage Comments');
INSERT INTO `SourceMessage` VALUES(190, 'adminglobal', 'Custom Pages');
INSERT INTO `SourceMessage` VALUES(191, 'adminglobal', 'Manage Pages');
INSERT INTO `SourceMessage` VALUES(192, 'adminglobal', 'Tutorials');
INSERT INTO `SourceMessage` VALUES(193, 'adminglobal', 'Manage Tutorials');
INSERT INTO `SourceMessage` VALUES(194, 'adminglobal', 'Extensions');
INSERT INTO `SourceMessage` VALUES(195, 'adminglobal', 'Manage Extensions');
INSERT INTO `SourceMessage` VALUES(196, 'adminglobal', 'Blog');
INSERT INTO `SourceMessage` VALUES(197, 'adminglobal', 'Manage Blog');
INSERT INTO `SourceMessage` VALUES(198, 'adminglobal', 'Contact');
INSERT INTO `SourceMessage` VALUES(199, 'adminglobal', 'Manage Contacts');
INSERT INTO `SourceMessage` VALUES(200, 'adminglobal', 'Widgets');
INSERT INTO `SourceMessage` VALUES(201, 'adminglobal', 'Manage Widgets');
INSERT INTO `SourceMessage` VALUES(202, 'admindocs', 'Documentations');
INSERT INTO `SourceMessage` VALUES(203, 'admindocs', 'Guide');
INSERT INTO `SourceMessage` VALUES(204, 'admindocs', 'Blog');
INSERT INTO `SourceMessage` VALUES(205, 'admindocs', 'Name');
INSERT INTO `SourceMessage` VALUES(206, 'admindocs', 'Last Modified');
INSERT INTO `SourceMessage` VALUES(207, 'admindocs', 'Options');
INSERT INTO `SourceMessage` VALUES(208, 'admindocs', 'No files found.');
INSERT INTO `SourceMessage` VALUES(209, 'admindocs', 'Edit this topic');
INSERT INTO `SourceMessage` VALUES(210, 'admindocs', 'View this topic');
INSERT INTO `SourceMessage` VALUES(211, 'admindocs', 'Sorry, We could not find that topic.');
INSERT INTO `SourceMessage` VALUES(212, 'admindocs', 'Editing "{topic}"');
INSERT INTO `SourceMessage` VALUES(213, 'admindocs', 'Save');
INSERT INTO `SourceMessage` VALUES(214, 'admindocs', 'Topic Saved.');
INSERT INTO `SourceMessage` VALUES(215, 'admindocs', 'Editing Topic');
INSERT INTO `SourceMessage` VALUES(216, 'admindocs', 'key');
INSERT INTO `SourceMessage` VALUES(217, 'admindocs', 'Last Modifier');
INSERT INTO `SourceMessage` VALUES(218, 'admindocs', 'Views');
INSERT INTO `SourceMessage` VALUES(219, 'admindocs', 'Topic Updated.');
INSERT INTO `SourceMessage` VALUES(220, 'docs', 'Documentation Name');
INSERT INTO `SourceMessage` VALUES(221, 'docs', 'Documentation Key');
INSERT INTO `SourceMessage` VALUES(222, 'docs', 'Docmentation Description');
INSERT INTO `SourceMessage` VALUES(223, 'docs', 'Documentation Content');
INSERT INTO `SourceMessage` VALUES(224, 'docs', 'Documentation Type');
INSERT INTO `SourceMessage` VALUES(225, 'admindocs', 'There is already a topic with that key in this documentation type.');
INSERT INTO `SourceMessage` VALUES(226, 'adminmembers', 'Editing User');
INSERT INTO `SourceMessage` VALUES(227, 'adminmembers', 'Email Address');
INSERT INTO `SourceMessage` VALUES(228, 'adminmembers', 'Password');
INSERT INTO `SourceMessage` VALUES(229, 'adminmembers', 'Default Role');
INSERT INTO `SourceMessage` VALUES(230, 'adminmembers', 'Other Assigned Roles');
INSERT INTO `SourceMessage` VALUES(231, 'adminmembers', 'Other Assigned Tasks');
INSERT INTO `SourceMessage` VALUES(232, 'adminmembers', 'Other Assigned Operations');
INSERT INTO `SourceMessage` VALUES(233, 'admindocs', 'Language');
INSERT INTO `SourceMessage` VALUES(234, 'docs', 'Documentations');
INSERT INTO `SourceMessage` VALUES(235, 'global', 'Tutorials');
INSERT INTO `SourceMessage` VALUES(236, 'global', 'Showcase');
INSERT INTO `SourceMessage` VALUES(237, 'global', 'Latest News');
INSERT INTO `SourceMessage` VALUES(238, 'global', 'Latest Users Joined');
INSERT INTO `SourceMessage` VALUES(239, 'index', 'Please wait, Loading twitter');
INSERT INTO `SourceMessage` VALUES(240, 'global', 'Copyright {name} {year} &copy All Rights Reserved.');
INSERT INTO `SourceMessage` VALUES(241, 'global', 'Terms Of Service');
INSERT INTO `SourceMessage` VALUES(242, 'global', 'About Us');
INSERT INTO `SourceMessage` VALUES(243, 'global', 'Copyright {name} {year} &copy All Rights Reserved');
INSERT INTO `SourceMessage` VALUES(244, 'docs', 'Comments');
INSERT INTO `SourceMessage` VALUES(245, 'global', 'Unknown');
INSERT INTO `SourceMessage` VALUES(246, 'adminroles', 'Operation');
INSERT INTO `SourceMessage` VALUES(247, 'docs', 'Comment');
INSERT INTO `SourceMessage` VALUES(248, 'docs', 'Post Comment');
INSERT INTO `SourceMessage` VALUES(249, 'docs', 'Comment Added.');
INSERT INTO `SourceMessage` VALUES(250, 'docs', 'No comments posted yet.');
INSERT INTO `SourceMessage` VALUES(251, 'docs', 'You must be logged in to post comments.');
INSERT INTO `SourceMessage` VALUES(252, 'members', 'Sorry, But the password did not match the one in our records.');
INSERT INTO `SourceMessage` VALUES(253, 'members', 'Joined');
INSERT INTO `SourceMessage` VALUES(254, 'adminmembers', 'Please select a valid role.');
INSERT INTO `SourceMessage` VALUES(255, 'adminmembers', 'User Updated.');
INSERT INTO `SourceMessage` VALUES(256, 'adminmembers', 'Viewing User');
INSERT INTO `SourceMessage` VALUES(257, 'adminmembers', 'Username:');
INSERT INTO `SourceMessage` VALUES(258, 'adminmembers', 'Email:');
INSERT INTO `SourceMessage` VALUES(259, 'adminmembers', 'Joined:');
INSERT INTO `SourceMessage` VALUES(260, 'adminmembers', 'Role:');
INSERT INTO `SourceMessage` VALUES(261, 'adminmembers', 'Personal Information');
INSERT INTO `SourceMessage` VALUES(262, 'adminmembers', 'Site Activity Information');
INSERT INTO `SourceMessage` VALUES(263, 'adminmembers', 'Adding User');
INSERT INTO `SourceMessage` VALUES(264, 'adminmembers', 'User Added.');
INSERT INTO `SourceMessage` VALUES(265, 'global', 'Close this notification');
INSERT INTO `SourceMessage` VALUES(266, 'docs', 'Views');
INSERT INTO `SourceMessage` VALUES(267, 'docs', 'Complete Documentation');
INSERT INTO `SourceMessage` VALUES(268, 'docs', 'אפשרויות חדשות');
INSERT INTO `SourceMessage` VALUES(269, 'adminglobal', 'Newsletter');
INSERT INTO `SourceMessage` VALUES(270, 'adminglobal', 'Manage Newsletters');
INSERT INTO `SourceMessage` VALUES(271, 'adminglobal', 'Reports');
INSERT INTO `SourceMessage` VALUES(272, 'adminglobal', 'Manage Reports');
INSERT INTO `SourceMessage` VALUES(273, 'adminglobal', 'Contact Us');
INSERT INTO `SourceMessage` VALUES(274, 'docs', 'אימות משתמשים וניהול גישות');
INSERT INTO `SourceMessage` VALUES(275, 'docs', 'ניהול קישורים');
INSERT INTO `SourceMessage` VALUES(276, 'admindocs', 'Manage Comments');
INSERT INTO `SourceMessage` VALUES(277, 'admindocs', 'Comments');
INSERT INTO `SourceMessage` VALUES(278, 'admindocs', 'ID');
INSERT INTO `SourceMessage` VALUES(279, 'admindocs', 'Sort list by id');
INSERT INTO `SourceMessage` VALUES(280, 'admindocs', 'Author');
INSERT INTO `SourceMessage` VALUES(281, 'admindocs', 'Sort list by author');
INSERT INTO `SourceMessage` VALUES(282, 'admindocs', 'Post Date');
INSERT INTO `SourceMessage` VALUES(283, 'admindocs', 'Sort list by date');
INSERT INTO `SourceMessage` VALUES(284, 'admindocs', 'Comment');
INSERT INTO `SourceMessage` VALUES(285, 'adminglobal', 'Are you sure you would like to perform a bulk operation?');
INSERT INTO `SourceMessage` VALUES(286, 'admindocs', 'Joined Date');
INSERT INTO `SourceMessage` VALUES(287, 'admindocs', 'Delete this comment!');
INSERT INTO `SourceMessage` VALUES(288, 'admindocs', '{count} comments deleted.');
INSERT INTO `SourceMessage` VALUES(289, 'admindocs', 'No Comments Found.');
INSERT INTO `SourceMessage` VALUES(290, 'docs', 'No comments posted yet. Be the first!');
INSERT INTO `SourceMessage` VALUES(291, 'docs', 'עדכון מגרסא 1.0 לגרסא 1.1');
INSERT INTO `SourceMessage` VALUES(292, 'docs', 'יצירת אפליקצית Yii ראשונה');
INSERT INTO `SourceMessage` VALUES(293, 'docs', 'אבטחה');
INSERT INTO `SourceMessage` VALUES(294, 'admindocs', 'Status');
INSERT INTO `SourceMessage` VALUES(295, 'admindocs', 'Toggle comment status!');
INSERT INTO `SourceMessage` VALUES(296, 'global', 'Approve Selected');
INSERT INTO `SourceMessage` VALUES(297, 'global', 'Un-Approve Selected');
INSERT INTO `SourceMessage` VALUES(298, 'adminmembers', 'Comment Updated.');
INSERT INTO `SourceMessage` VALUES(299, 'admindocs', 'Sort list by visibility');
INSERT INTO `SourceMessage` VALUES(300, 'admindocs', '{count} comments approved.');
INSERT INTO `SourceMessage` VALUES(301, 'admindocs', '{count} comments Un-Approved.');
INSERT INTO `SourceMessage` VALUES(302, 'docs', 'Comment Updated.');
INSERT INTO `SourceMessage` VALUES(303, 'admindocs', 'Comment Updated.');
INSERT INTO `SourceMessage` VALUES(304, 'adminroles', '{number} Child item(s) Added.');
INSERT INTO `SourceMessage` VALUES(305, 'error', 'Sorry, You don''t have the required permissions to enter to this section');
INSERT INTO `SourceMessage` VALUES(306, 'error', 'Sorry, You don''t have the required permissions to enter this section');
INSERT INTO `SourceMessage` VALUES(307, 'adminsettings', 'Settings Updated.');
INSERT INTO `SourceMessage` VALUES(308, 'adminsettings', 'Setting Reverted.');
INSERT INTO `SourceMessage` VALUES(309, 'admincustompages', 'Custom Pages');
INSERT INTO `SourceMessage` VALUES(310, 'admincustompages', 'Add Page');
INSERT INTO `SourceMessage` VALUES(311, 'admincustompages', 'Title');
INSERT INTO `SourceMessage` VALUES(312, 'admincustompages', 'Sort list by title');
INSERT INTO `SourceMessage` VALUES(313, 'admincustompages', 'Alias');
INSERT INTO `SourceMessage` VALUES(314, 'admincustompages', 'Sort list by alias');
INSERT INTO `SourceMessage` VALUES(315, 'admincustompages', 'Posted');
INSERT INTO `SourceMessage` VALUES(316, 'admincustompages', 'Sort list by date posted');
INSERT INTO `SourceMessage` VALUES(317, 'admincustompages', 'Author');
INSERT INTO `SourceMessage` VALUES(318, 'admincustompages', 'Sort list by author');
INSERT INTO `SourceMessage` VALUES(319, 'admincustompages', 'Language');
INSERT INTO `SourceMessage` VALUES(320, 'admincustompages', 'Sort list by language');
INSERT INTO `SourceMessage` VALUES(321, 'admincustompages', 'Status');
INSERT INTO `SourceMessage` VALUES(322, 'admincustompages', 'Sort list by status');
INSERT INTO `SourceMessage` VALUES(323, 'adminglobal', 'Options');
INSERT INTO `SourceMessage` VALUES(324, 'global', 'UnApprove Selected');
INSERT INTO `SourceMessage` VALUES(325, 'adminglobal', 'No Rows Found.');
INSERT INTO `SourceMessage` VALUES(326, 'admincustompages', 'Adding Custom Page');
INSERT INTO `SourceMessage` VALUES(327, 'adminsettings', 'Adding Custom Page');
INSERT INTO `SourceMessage` VALUES(328, 'admincustompages', 'Page Title');
INSERT INTO `SourceMessage` VALUES(329, 'admincustompages', 'Page Alias');
INSERT INTO `SourceMessage` VALUES(330, 'admincustompages', 'Page Tags');
INSERT INTO `SourceMessage` VALUES(331, 'admincustompages', 'Page Language');
INSERT INTO `SourceMessage` VALUES(332, 'admincustompages', 'Page Meta Description');
INSERT INTO `SourceMessage` VALUES(333, 'admincustompages', 'Page Meta Keywords');
INSERT INTO `SourceMessage` VALUES(334, 'admincustompages', 'Page Visibility');
INSERT INTO `SourceMessage` VALUES(335, 'admincustompages', 'Page Status');
INSERT INTO `SourceMessage` VALUES(336, 'admincustompages', 'Page Content');
INSERT INTO `SourceMessage` VALUES(337, 'admincustompages', 'Hidden (Draft)');
INSERT INTO `SourceMessage` VALUES(338, 'admincustompages', 'Open (Published)');
INSERT INTO `SourceMessage` VALUES(339, 'admincustompages', 'Content');
INSERT INTO `SourceMessage` VALUES(340, 'admincustompages', 'Tags');
INSERT INTO `SourceMessage` VALUES(341, 'admincustompages', 'Meta Description');
INSERT INTO `SourceMessage` VALUES(342, 'admincustompages', 'Meta Keywords');
INSERT INTO `SourceMessage` VALUES(343, 'admincustompages', 'Visibility');
INSERT INTO `SourceMessage` VALUES(344, 'admincustompages', 'The language the page can be displayed in.');
INSERT INTO `SourceMessage` VALUES(345, 'admincustompages', '-- ALL --');
INSERT INTO `SourceMessage` VALUES(346, 'admincustompages', 'User roles that can access this page (Defaults to everyone)');
INSERT INTO `SourceMessage` VALUES(347, 'admincustompages', 'Page Added.');
INSERT INTO `SourceMessage` VALUES(348, 'admincustompages', 'Toggle page status!');
INSERT INTO `SourceMessage` VALUES(349, 'admincustompages', 'Edit this page');
INSERT INTO `SourceMessage` VALUES(350, 'admincustompages', 'Delete this page!');
INSERT INTO `SourceMessage` VALUES(351, 'admincustompages', 'Editing Custom Page');
INSERT INTO `SourceMessage` VALUES(352, 'admincustompages', 'Page Updated.');
INSERT INTO `SourceMessage` VALUES(353, 'admincustompages', 'Last Modified Date');
INSERT INTO `SourceMessage` VALUES(354, 'admincustompages', 'Last Modified By');
INSERT INTO `SourceMessage` VALUES(355, 'adminglobal', 'All');
INSERT INTO `SourceMessage` VALUES(356, 'admindocs', 'Status Updated.');
INSERT INTO `SourceMessage` VALUES(357, 'admincustompages', 'Page Deleted.');
INSERT INTO `SourceMessage` VALUES(358, 'admincustompages', '{count} pages Un-Approved.');
INSERT INTO `SourceMessage` VALUES(359, 'admincustompages', '{count} pages approved.');
INSERT INTO `SourceMessage` VALUES(360, 'admincustompages', '{count} pages deleted.');
INSERT INTO `SourceMessage` VALUES(361, 'adminglobal', 'Preview');
INSERT INTO `SourceMessage` VALUES(362, 'admincustompages', 'Preview Page');
INSERT INTO `SourceMessage` VALUES(363, 'admincustompages', 'Status Updated.');
INSERT INTO `SourceMessage` VALUES(364, 'error', 'Sorry, The page you were looking for was not found.');
INSERT INTO `SourceMessage` VALUES(365, 'custompages', 'zxczxc');
INSERT INTO `SourceMessage` VALUES(366, 'admincustompages', 'Page Edited.');
INSERT INTO `SourceMessage` VALUES(367, 'custompages', 'sdvcsdv');
INSERT INTO `SourceMessage` VALUES(368, 'admincustompages', 'view this page');
INSERT INTO `SourceMessage` VALUES(369, 'custompages', 'אודות האתר');
INSERT INTO `SourceMessage` VALUES(370, 'error', 'Error');
INSERT INTO `SourceMessage` VALUES(371, 'adminglobal', 'Error');
INSERT INTO `SourceMessage` VALUES(372, 'adminglobal', 'Sorry, But you are not authorized to enter this section.');
INSERT INTO `SourceMessage` VALUES(373, 'admindebug', 'File:');
INSERT INTO `SourceMessage` VALUES(374, 'admindebug', 'Type:');
INSERT INTO `SourceMessage` VALUES(375, 'admindebug', 'Trace');
INSERT INTO `SourceMessage` VALUES(376, 'admindebug', 'Source');
INSERT INTO `SourceMessage` VALUES(377, 'global', 'Error');
INSERT INTO `SourceMessage` VALUES(378, 'docs', 'אפליקציה');
INSERT INTO `SourceMessage` VALUES(379, 'global', 'Rating Added.');
INSERT INTO `SourceMessage` VALUES(380, 'custompages', 'sdvsdvsdv');
INSERT INTO `SourceMessage` VALUES(381, 'admintutorials', 'Tutorials');
INSERT INTO `SourceMessage` VALUES(382, 'admintuts', 'Add User');
INSERT INTO `SourceMessage` VALUES(383, 'admintuts', 'Categories');
INSERT INTO `SourceMessage` VALUES(384, 'adminturs', 'Title');
INSERT INTO `SourceMessage` VALUES(385, 'adminturs', 'Alias');
INSERT INTO `SourceMessage` VALUES(386, 'adminturs', 'Description');
INSERT INTO `SourceMessage` VALUES(387, 'adminturs', 'Language');
INSERT INTO `SourceMessage` VALUES(388, 'admintuts', 'Options');
INSERT INTO `SourceMessage` VALUES(389, 'admintuts', 'View Tutorials');
INSERT INTO `SourceMessage` VALUES(390, 'global', 'All');
INSERT INTO `SourceMessage` VALUES(391, 'admintuts', 'Position');
INSERT INTO `SourceMessage` VALUES(392, 'admintuts', 'Title');
INSERT INTO `SourceMessage` VALUES(393, 'admintuts', 'Alias');
INSERT INTO `SourceMessage` VALUES(394, 'admintuts', 'Description');
INSERT INTO `SourceMessage` VALUES(395, 'admintuts', 'Language');
INSERT INTO `SourceMessage` VALUES(396, 'admintuts', 'Read');
INSERT INTO `SourceMessage` VALUES(397, 'admintuts', 'Edit this category');
INSERT INTO `SourceMessage` VALUES(398, 'admintuts', 'Delete this category!');
INSERT INTO `SourceMessage` VALUES(399, 'global', 'Reorder');
INSERT INTO `SourceMessage` VALUES(400, 'admintutorials', 'Categories');
INSERT INTO `SourceMessage` VALUES(401, 'admintuts', 'Add Category');
INSERT INTO `SourceMessage` VALUES(402, 'admintuts', 'Add tutorial to this category');
INSERT INTO `SourceMessage` VALUES(403, 'admintuts', 'Add sub category to this category');
INSERT INTO `SourceMessage` VALUES(404, 'admintuts', 'Categories Reordered');
INSERT INTO `SourceMessage` VALUES(405, 'admintuts', 'Category status Updated.');
INSERT INTO `SourceMessage` VALUES(406, 'admintuts', 'Adding Category');
INSERT INTO `SourceMessage` VALUES(407, 'tutorials', 'Sub-Category');
INSERT INTO `SourceMessage` VALUES(408, 'tutorials', 'Title');
INSERT INTO `SourceMessage` VALUES(409, 'tutorials', 'Description');
INSERT INTO `SourceMessage` VALUES(410, 'tutorials', 'Alias');
INSERT INTO `SourceMessage` VALUES(411, 'tutorials', 'Language');
INSERT INTO `SourceMessage` VALUES(412, 'tutorials', 'Position');
INSERT INTO `SourceMessage` VALUES(413, 'tutorials', 'Meta Description');
INSERT INTO `SourceMessage` VALUES(414, 'tutorials', 'Meta Keywords');
INSERT INTO `SourceMessage` VALUES(415, 'tutorials', 'ReadOnly Category');
INSERT INTO `SourceMessage` VALUES(416, 'tutorials', 'Viewing Permission');
INSERT INTO `SourceMessage` VALUES(417, 'tutorials', 'Adding Tutorials Permission');
INSERT INTO `SourceMessage` VALUES(418, 'tutorials', 'Adding Comments Permission');
INSERT INTO `SourceMessage` VALUES(419, 'tutorials', 'Adding Files Permission');
INSERT INTO `SourceMessage` VALUES(420, 'tutorials', 'Auto Approved Tutorial Permission');
INSERT INTO `SourceMessage` VALUES(421, 'admintuts', 'The language the page can be displayed in.');
INSERT INTO `SourceMessage` VALUES(422, 'adminglobal', '-- ALL --');
INSERT INTO `SourceMessage` VALUES(423, 'admintuts', 'User roles that can view this category (Defaults to nobody)');
INSERT INTO `SourceMessage` VALUES(424, 'admintuts', 'User roles that can add tutorials to this category (Defaults to nobody)');
INSERT INTO `SourceMessage` VALUES(425, 'admintuts', 'User roles that can add tutorial comments to this category (Defaults to nobody)');
INSERT INTO `SourceMessage` VALUES(426, 'admintuts', 'User roles that can add tutorial files to this category (Defaults to nobody)');
INSERT INTO `SourceMessage` VALUES(427, 'admintuts', 'User roles that can add tutorials this category without the need of manual approval (Defaults to nobody)');
INSERT INTO `SourceMessage` VALUES(428, 'admintuts', 'Choose a category that this category will be a child of.');
INSERT INTO `SourceMessage` VALUES(429, 'admintuts', '-- Root --');
INSERT INTO `SourceMessage` VALUES(430, 'admintuts', 'Category Added.');
INSERT INTO `SourceMessage` VALUES(431, 'admintuts', 'Categories Reordered.');
INSERT INTO `SourceMessage` VALUES(432, 'admintuts', 'Editing Category');
INSERT INTO `SourceMessage` VALUES(433, 'admintuts', 'Category Updated.');
INSERT INTO `SourceMessage` VALUES(434, 'admintuts', 'Category cannot be placed under one of it''s child''s');
INSERT INTO `SourceMessage` VALUES(435, 'admintuts', 'Category Deleted.');
INSERT INTO `SourceMessage` VALUES(436, 'admintuts', 'Category was not found.');
INSERT INTO `SourceMessage` VALUES(437, 'admintuts', 'Delete Category');
INSERT INTO `SourceMessage` VALUES(438, 'admintuts', 'Move Categories To');
INSERT INTO `SourceMessage` VALUES(439, 'admintuts', 'Choose a category to move all subcategories into');
INSERT INTO `SourceMessage` VALUES(440, 'admintuts', '-- Choose --');
INSERT INTO `SourceMessage` VALUES(441, 'admintuts', 'Move Tutorials To');
INSERT INTO `SourceMessage` VALUES(442, 'admintuts', 'Choose a category to move all tutorials into');
INSERT INTO `SourceMessage` VALUES(443, 'admintuts', 'You must specify a valid category to move the items.');
INSERT INTO `SourceMessage` VALUES(444, 'admintuts', 'View category');
INSERT INTO `SourceMessage` VALUES(445, 'admintuts', 'Add Tutorial');
INSERT INTO `SourceMessage` VALUES(446, 'admintuts', 'Tutorials');
INSERT INTO `SourceMessage` VALUES(447, 'admintuts', 'Sort list by title');
INSERT INTO `SourceMessage` VALUES(448, 'admintuts', 'Sort list by alias');
INSERT INTO `SourceMessage` VALUES(449, 'admintuts', 'Posted');
INSERT INTO `SourceMessage` VALUES(450, 'admintuts', 'Sort list by date posted');
INSERT INTO `SourceMessage` VALUES(451, 'admintuts', 'Author');
INSERT INTO `SourceMessage` VALUES(452, 'admintuts', 'Sort list by author');
INSERT INTO `SourceMessage` VALUES(453, 'admintuts', 'Sort list by language');
INSERT INTO `SourceMessage` VALUES(454, 'admintuts', 'Status');
INSERT INTO `SourceMessage` VALUES(455, 'admintuts', 'Sort list by status');
INSERT INTO `SourceMessage` VALUES(456, 'admintuts', 'Viewing Category');
INSERT INTO `SourceMessage` VALUES(457, 'admintuts', 'Adding Tutorial');
INSERT INTO `SourceMessage` VALUES(458, 'tutorials', 'Category');
INSERT INTO `SourceMessage` VALUES(459, 'tutorials', 'Content');
INSERT INTO `SourceMessage` VALUES(460, 'tutorials', 'Tutorial Approved');
INSERT INTO `SourceMessage` VALUES(461, 'admintuts', 'Choose a category for this tutorial');
INSERT INTO `SourceMessage` VALUES(462, 'admintuts', 'The language the tutorial can be displayed in.');
INSERT INTO `SourceMessage` VALUES(463, 'admintuts', 'Hidden (Draft)');
INSERT INTO `SourceMessage` VALUES(464, 'admintuts', 'Open (Published)');
INSERT INTO `SourceMessage` VALUES(465, 'admintuts', 'Tutorial Added.');
INSERT INTO `SourceMessage` VALUES(466, 'admintuts', 'Toggle page status!');
INSERT INTO `SourceMessage` VALUES(467, 'admintuts', 'view this tutorial');
INSERT INTO `SourceMessage` VALUES(468, 'admintuts', 'Edit this tutorial');
INSERT INTO `SourceMessage` VALUES(469, 'admintuts', 'Delete this tutorial!');
INSERT INTO `SourceMessage` VALUES(470, 'admintuts', '{count} tutorials approved.');
INSERT INTO `SourceMessage` VALUES(471, 'admintuts', 'Sorry, That alias is already in use.');
INSERT INTO `SourceMessage` VALUES(472, 'admintuts', '# Tutorials');
INSERT INTO `SourceMessage` VALUES(473, 'admintuts', 'Tutorial status Updated.');
INSERT INTO `SourceMessage` VALUES(474, 'admintuts', 'Last Modified Date');
INSERT INTO `SourceMessage` VALUES(475, 'admintuts', 'Last Modified By');
INSERT INTO `SourceMessage` VALUES(476, 'admintuts', 'Editing Tutorial');
INSERT INTO `SourceMessage` VALUES(477, 'admintuts', 'Tutorial Updated.');
INSERT INTO `SourceMessage` VALUES(478, 'admintuts', 'Tutorial Deleted.');
INSERT INTO `SourceMessage` VALUES(479, 'admintuts', 'Manage Comments');
INSERT INTO `SourceMessage` VALUES(480, 'admintuts', 'Comments');
INSERT INTO `SourceMessage` VALUES(481, 'admintuts', 'ID');
INSERT INTO `SourceMessage` VALUES(482, 'admintuts', 'Post Date');
INSERT INTO `SourceMessage` VALUES(483, 'admintuts', 'Sort list by date');
INSERT INTO `SourceMessage` VALUES(484, 'admintuts', 'Sort list by visibility');
INSERT INTO `SourceMessage` VALUES(485, 'admintuts', 'Comment');
INSERT INTO `SourceMessage` VALUES(486, 'admintuts', 'No Comments Found.');
INSERT INTO `SourceMessage` VALUES(487, 'admintuts', 'Joined Date');
INSERT INTO `SourceMessage` VALUES(488, 'admintuts', 'Toggle comment status!');
INSERT INTO `SourceMessage` VALUES(489, 'admintuts', 'Delete this comment!');
INSERT INTO `SourceMessage` VALUES(490, 'admintuts', 'Comment Updated.');
INSERT INTO `SourceMessage` VALUES(491, 'admintuts', '{count} comments approved.');
INSERT INTO `SourceMessage` VALUES(492, 'admintuts', 'Comment Deleted.');
INSERT INTO `SourceMessage` VALUES(493, 'admintuts', '{count} comments deleted.');
INSERT INTO `SourceMessage` VALUES(494, 'tutorials', 'Tutorials');
INSERT INTO `SourceMessage` VALUES(495, 'docs', 'תצוגה');
INSERT INTO `SourceMessage` VALUES(496, 'admintuts', 'The language the category can be displayed in.');
INSERT INTO `SourceMessage` VALUES(497, 'adminglobal', 'No Items Found.');
INSERT INTO `SourceMessage` VALUES(498, 'tutorials', 'Categories');
INSERT INTO `SourceMessage` VALUES(499, 'tutorials', 'There are not tutorials to display!');
INSERT INTO `SourceMessage` VALUES(500, 'tutorials', 'There are no tutorials to display!');
INSERT INTO `SourceMessage` VALUES(501, 'tutorials', 'וידג''טים');
INSERT INTO `SourceMessage` VALUES(502, 'tutorials', 'Comments');
INSERT INTO `SourceMessage` VALUES(503, 'tutorials', 'Posted by <strong>{by}</strong> in {in} on {on}');
INSERT INTO `SourceMessage` VALUES(504, 'tutorials', '!@#!%$#^#$עובד בדיקות');
INSERT INTO `SourceMessage` VALUES(505, 'tutorials', 'מדריכים');
INSERT INTO `SourceMessage` VALUES(506, 'error', 'Sorry, We could not find that tutoria.');
INSERT INTO `SourceMessage` VALUES(507, 'tutorials', 'Views');
INSERT INTO `SourceMessage` VALUES(508, 'tutorials', 'No comments posted yet. Be the first!');
INSERT INTO `SourceMessage` VALUES(509, 'tutorials', 'Comment');
INSERT INTO `SourceMessage` VALUES(510, 'tutorials', 'Post Comment');
INSERT INTO `SourceMessage` VALUES(511, 'error', 'Sorry, We could not find that tutorial.');
INSERT INTO `SourceMessage` VALUES(512, 'tutorials', 'Comment Added.');
INSERT INTO `SourceMessage` VALUES(513, 'tutorials', 'Toggle comment status!');
INSERT INTO `SourceMessage` VALUES(514, 'global', 'Comment Updated.');
INSERT INTO `SourceMessage` VALUES(515, 'error', 'Sorry, We could not find that category.');
INSERT INTO `SourceMessage` VALUES(516, 'tutorials', 'Add Tutorial');
INSERT INTO `SourceMessage` VALUES(517, 'tutorials', 'Options');
INSERT INTO `SourceMessage` VALUES(518, 'tutorials', 'Adding Tutorial');
INSERT INTO `SourceMessage` VALUES(519, 'tutorials', '-- Choose --');
INSERT INTO `SourceMessage` VALUES(520, 'tutorials', 'Please fill all required fields and hit the submit button once your done. It may take time for the tutorial to be displayed publicly.');
INSERT INTO `SourceMessage` VALUES(521, 'tutorials', 'Sorry, That category is readonly.');
INSERT INTO `SourceMessage` VALUES(522, 'tutorials', 'Tutorial Added.');
INSERT INTO `SourceMessage` VALUES(523, 'error', 'Sorry, You are not allowed to perform that action.');
INSERT INTO `SourceMessage` VALUES(524, 'global', 'Guest');
INSERT INTO `SourceMessage` VALUES(525, 'tutorials', 'Edit');
INSERT INTO `SourceMessage` VALUES(526, 'tutorials', 'Editing Tutorial');
INSERT INTO `SourceMessage` VALUES(527, 'tutorials', 'Tutorial Updated. It will be displayed once approved.');
INSERT INTO `SourceMessage` VALUES(528, 'adminglobal', 'Unknown');
INSERT INTO `SourceMessage` VALUES(529, 'tutorials', 'Tutorial Updated.');
INSERT INTO `SourceMessage` VALUES(530, 'tutorials', 'Tutorial Added. It will be displayed once approved.');
INSERT INTO `SourceMessage` VALUES(531, 'tutorials', 'Approved');
INSERT INTO `SourceMessage` VALUES(532, 'global', 'Approved');
INSERT INTO `SourceMessage` VALUES(533, 'tutorials', 'UnApproved');
INSERT INTO `SourceMessage` VALUES(534, 'global', 'UnApproved');
INSERT INTO `SourceMessage` VALUES(535, 'global', 'Tutorial Approved');
INSERT INTO `SourceMessage` VALUES(536, 'tutorials', 'Tutorial UnApproved');
INSERT INTO `SourceMessage` VALUES(537, 'global', 'Tutorial UnApproved');
INSERT INTO `SourceMessage` VALUES(538, 'tutorials', 'Pending Tutorials {count}');
INSERT INTO `SourceMessage` VALUES(539, 'tutorials', 'My Tutorials');
INSERT INTO `SourceMessage` VALUES(540, 'tutorials', '{count} Pending Tutorials');
INSERT INTO `SourceMessage` VALUES(541, 'global', 'You must be logged in to post comments.');
INSERT INTO `SourceMessage` VALUES(542, 'global', 'Options');
INSERT INTO `SourceMessage` VALUES(543, 'global', 'Print');
INSERT INTO `SourceMessage` VALUES(544, 'global', 'PDF');
INSERT INTO `SourceMessage` VALUES(545, 'global', 'Word');
INSERT INTO `SourceMessage` VALUES(546, 'global', 'Text');
INSERT INTO `SourceMessage` VALUES(547, 'global', 'RSS Feed');
INSERT INTO `SourceMessage` VALUES(548, 'tutorials', 'Tutorials RSS Feed');
INSERT INTO `SourceMessage` VALUES(549, 'docs', 'התקנה');
INSERT INTO `SourceMessage` VALUES(550, 'adminblog', 'Blog');
INSERT INTO `SourceMessage` VALUES(551, 'adminblog', 'Categories');
INSERT INTO `SourceMessage` VALUES(552, 'adminblog', 'Add Category');
INSERT INTO `SourceMessage` VALUES(553, 'adminblog', 'Add Post');
INSERT INTO `SourceMessage` VALUES(554, 'adminblog', 'Position');
INSERT INTO `SourceMessage` VALUES(555, 'adminblog', 'Title');
INSERT INTO `SourceMessage` VALUES(556, 'adminblog', 'Alias');
INSERT INTO `SourceMessage` VALUES(557, 'adminblog', 'Description');
INSERT INTO `SourceMessage` VALUES(558, 'adminblog', 'Language');
INSERT INTO `SourceMessage` VALUES(559, 'adminblog', 'Read');
INSERT INTO `SourceMessage` VALUES(560, 'adminblog', 'Posts');
INSERT INTO `SourceMessage` VALUES(561, 'adminblog', 'Options');
INSERT INTO `SourceMessage` VALUES(562, 'adminblog', 'Adding Category');
INSERT INTO `SourceMessage` VALUES(563, 'blog', 'Sub-Category');
INSERT INTO `SourceMessage` VALUES(564, 'blog', 'Title');
INSERT INTO `SourceMessage` VALUES(565, 'blog', 'Description');
INSERT INTO `SourceMessage` VALUES(566, 'blog', 'Alias');
INSERT INTO `SourceMessage` VALUES(567, 'blog', 'Language');
INSERT INTO `SourceMessage` VALUES(568, 'blog', 'Position');
INSERT INTO `SourceMessage` VALUES(569, 'blog', 'Meta Description');
INSERT INTO `SourceMessage` VALUES(570, 'blog', 'Meta Keywords');
INSERT INTO `SourceMessage` VALUES(571, 'blog', 'ReadOnly Category');
INSERT INTO `SourceMessage` VALUES(572, 'blog', 'Viewing Permission');
INSERT INTO `SourceMessage` VALUES(573, 'blog', 'Adding Posts Permission');
INSERT INTO `SourceMessage` VALUES(574, 'blog', 'Adding Comments Permission');
INSERT INTO `SourceMessage` VALUES(575, 'blog', 'Adding Files Permission');
INSERT INTO `SourceMessage` VALUES(576, 'blog', 'Auto Approved Post Permission');
INSERT INTO `SourceMessage` VALUES(577, 'adminblog', 'Choose a category that this category will be a child of.');
INSERT INTO `SourceMessage` VALUES(578, 'adminblog', '-- Root --');
INSERT INTO `SourceMessage` VALUES(579, 'adminblog', 'The language the category can be displayed in.');
INSERT INTO `SourceMessage` VALUES(580, 'adminblog', 'User roles that can view this category (Defaults to nobody)');
INSERT INTO `SourceMessage` VALUES(581, 'adminblog', 'User roles that can add blog to this category (Defaults to nobody)');
INSERT INTO `SourceMessage` VALUES(582, 'adminblog', 'User roles that can add comments to this category (Defaults to nobody)');
INSERT INTO `SourceMessage` VALUES(583, 'adminblog', 'User roles that can add files to this category (Defaults to nobody)');
INSERT INTO `SourceMessage` VALUES(584, 'adminblog', 'User roles that can add blog this category without the need of manual approval (Defaults to nobody)');
INSERT INTO `SourceMessage` VALUES(585, 'adminblog', 'Category Added.');
INSERT INTO `SourceMessage` VALUES(586, 'adminblog', 'View Posts');
INSERT INTO `SourceMessage` VALUES(587, 'adminblog', 'View category');
INSERT INTO `SourceMessage` VALUES(588, 'adminblog', 'Add post to this category');
INSERT INTO `SourceMessage` VALUES(589, 'adminblog', 'Add sub category to this category');
INSERT INTO `SourceMessage` VALUES(590, 'adminblog', 'Edit this category');
INSERT INTO `SourceMessage` VALUES(591, 'adminblog', 'Delete this category!');
INSERT INTO `SourceMessage` VALUES(592, 'adminblog', 'Viewing Category');
INSERT INTO `SourceMessage` VALUES(593, 'adminblog', 'Sort list by title');
INSERT INTO `SourceMessage` VALUES(594, 'adminblog', 'Sort list by alias');
INSERT INTO `SourceMessage` VALUES(595, 'adminblog', 'Posted');
INSERT INTO `SourceMessage` VALUES(596, 'adminblog', 'Sort list by date posted');
INSERT INTO `SourceMessage` VALUES(597, 'adminblog', 'Author');
INSERT INTO `SourceMessage` VALUES(598, 'adminblog', 'Sort list by author');
INSERT INTO `SourceMessage` VALUES(599, 'adminblog', 'Sort list by language');
INSERT INTO `SourceMessage` VALUES(600, 'adminblog', 'Status');
INSERT INTO `SourceMessage` VALUES(601, 'adminblog', 'Sort list by status');
INSERT INTO `SourceMessage` VALUES(602, 'blog', 'Tutorials');
INSERT INTO `SourceMessage` VALUES(603, 'blog', 'Blog');
INSERT INTO `SourceMessage` VALUES(604, 'blog', 'There are no posts to display!');
INSERT INTO `SourceMessage` VALUES(605, 'blog', 'Add Post');
INSERT INTO `SourceMessage` VALUES(606, 'blog', '{count} Pending Posts');
INSERT INTO `SourceMessage` VALUES(607, 'blog', 'My Posts');
INSERT INTO `SourceMessage` VALUES(608, 'blog', 'Categories');
INSERT INTO `SourceMessage` VALUES(609, 'blog', 'Options');
INSERT INTO `SourceMessage` VALUES(610, 'blog', 'Blog RSS Feed');
INSERT INTO `SourceMessage` VALUES(611, 'blog', 'Adding Post');
INSERT INTO `SourceMessage` VALUES(612, 'blog', 'Please fill all required fields and hit the submit button once your done. It may take time for the post to be displayed publicly.');
INSERT INTO `SourceMessage` VALUES(613, 'blog', 'Category');
INSERT INTO `SourceMessage` VALUES(614, 'blog', 'Content');
INSERT INTO `SourceMessage` VALUES(615, 'blog', 'Post Approved');
INSERT INTO `SourceMessage` VALUES(616, 'admintuts', 'Choose a category for this post');
INSERT INTO `SourceMessage` VALUES(617, 'global', '-- Choose --');
INSERT INTO `SourceMessage` VALUES(618, 'global', 'Hidden (Draft)');
INSERT INTO `SourceMessage` VALUES(619, 'global', 'Open (Published)');
INSERT INTO `SourceMessage` VALUES(620, 'blog', 'Sorry, That category is readonly.');
INSERT INTO `SourceMessage` VALUES(621, 'adminblog', 'Category status Updated.');
INSERT INTO `SourceMessage` VALUES(622, 'blog', 'Post Added.');
INSERT INTO `SourceMessage` VALUES(623, 'blog', 'Comments');
INSERT INTO `SourceMessage` VALUES(624, 'blog', 'Views');
INSERT INTO `SourceMessage` VALUES(625, 'blog', 'No comments posted yet. Be the first!');
INSERT INTO `SourceMessage` VALUES(626, 'blog', 'Comment');
INSERT INTO `SourceMessage` VALUES(627, 'blog', 'Post Comment');
INSERT INTO `SourceMessage` VALUES(628, 'blog', 'Editing Post');
INSERT INTO `SourceMessage` VALUES(629, 'blog', 'Post Updated.');
INSERT INTO `SourceMessage` VALUES(630, 'blog', 'Comment Added.');
INSERT INTO `SourceMessage` VALUES(631, 'blog', 'Toggle comment status!');
INSERT INTO `SourceMessage` VALUES(632, 'blog', 'Posted by <strong>{by}</strong> in {in} on {on}');
INSERT INTO `SourceMessage` VALUES(633, 'blog', 'Post UnApproved');
INSERT INTO `SourceMessage` VALUES(634, 'global', 'Post UnApproved');
INSERT INTO `SourceMessage` VALUES(635, 'global', 'Post Approved');
INSERT INTO `SourceMessage` VALUES(636, 'adminblog', 'Adding Tutorial');
INSERT INTO `SourceMessage` VALUES(637, 'adminblog', 'Choose a category for this post');
INSERT INTO `SourceMessage` VALUES(638, 'adminblog', '-- Choose --');
INSERT INTO `SourceMessage` VALUES(639, 'adminblog', 'The language the post can be displayed in.');
INSERT INTO `SourceMessage` VALUES(640, 'adminblog', 'Hidden (Draft)');
INSERT INTO `SourceMessage` VALUES(641, 'adminblog', 'Open (Published)');
INSERT INTO `SourceMessage` VALUES(642, 'adminblog', 'Tutorial Added.');
INSERT INTO `SourceMessage` VALUES(643, 'adminblog', 'Toggle page status!');
INSERT INTO `SourceMessage` VALUES(644, 'adminblog', 'view this post');
INSERT INTO `SourceMessage` VALUES(645, 'adminblog', 'Edit this post');
INSERT INTO `SourceMessage` VALUES(646, 'adminblog', 'Delete this post!');
INSERT INTO `SourceMessage` VALUES(647, 'adminblog', 'Last Modified Date');
INSERT INTO `SourceMessage` VALUES(648, 'adminblog', 'Last Modified By');
INSERT INTO `SourceMessage` VALUES(649, 'adminblog', 'Manage Comments');
INSERT INTO `SourceMessage` VALUES(650, 'adminblog', 'Comments');
INSERT INTO `SourceMessage` VALUES(651, 'adminblog', 'ID');
INSERT INTO `SourceMessage` VALUES(652, 'adminblog', 'Post Date');
INSERT INTO `SourceMessage` VALUES(653, 'adminblog', 'Sort list by date');
INSERT INTO `SourceMessage` VALUES(654, 'adminblog', 'Sort list by visibility');
INSERT INTO `SourceMessage` VALUES(655, 'adminblog', 'Comment');
INSERT INTO `SourceMessage` VALUES(656, 'adminblog', 'Joined Date');
INSERT INTO `SourceMessage` VALUES(657, 'adminblog', 'Toggle comment status!');
INSERT INTO `SourceMessage` VALUES(658, 'adminblog', 'Delete this comment!');
INSERT INTO `SourceMessage` VALUES(659, 'adminblog', 'Comment Updated.');
INSERT INTO `SourceMessage` VALUES(660, 'adminblog', 'Comment Deleted.');
INSERT INTO `SourceMessage` VALUES(661, 'adminblog', 'No Comments Found.');
INSERT INTO `SourceMessage` VALUES(662, 'global', 'Logout');
INSERT INTO `SourceMessage` VALUES(663, 'members', 'You are now logged out.');
INSERT INTO `SourceMessage` VALUES(664, 'login', 'Lost Password');
INSERT INTO `SourceMessage` VALUES(665, 'register', 'Registration Form');
INSERT INTO `SourceMessage` VALUES(666, 'register', 'Please fill all required fields and hit the submit button once your done.');
INSERT INTO `SourceMessage` VALUES(667, 'global', 'Submit');
INSERT INTO `SourceMessage` VALUES(668, 'register', 'Enter your desired username (Min: 3 Max: 32)');
INSERT INTO `SourceMessage` VALUES(669, 'register', 'Enter your desired password (Min: 3 Max: 32)');
INSERT INTO `SourceMessage` VALUES(670, 'register', 'Confirm your password');
INSERT INTO `SourceMessage` VALUES(671, 'register', 'Enter your desired email address');
INSERT INTO `SourceMessage` VALUES(672, 'register', 'Enter the text displayed in the image below');
INSERT INTO `SourceMessage` VALUES(673, 'login', 'Login Form');
INSERT INTO `SourceMessage` VALUES(674, 'login', 'Please fill all required fields and hit the submit button once your done.');
INSERT INTO `SourceMessage` VALUES(675, 'login', 'Enter your email address');
INSERT INTO `SourceMessage` VALUES(676, 'login', 'Enter your password');
INSERT INTO `SourceMessage` VALUES(677, 'login', 'Enter the text displayed in the image below');
INSERT INTO `SourceMessage` VALUES(678, 'members', 'Sorry, But we can''t find a member with those login information.');
INSERT INTO `SourceMessage` VALUES(679, 'login', 'Lost Password?');
INSERT INTO `SourceMessage` VALUES(680, 'lostpassword', 'Sorry, That email does not exists in our records.');
INSERT INTO `SourceMessage` VALUES(681, 'login', 'Reset Password');
INSERT INTO `SourceMessage` VALUES(682, 'login', 'This screen will guide you through the process of reseting you password.<br /><br />\n									Your email is required as well as the security code to prevent from abusing the password reset feature.<br /><br />\n									The form will be submitted when the email is validated and exists in our records and the security code entered is valid.<br /><br />\n									You will receive an email with a password reset link that you will need to click in order to complete the password reset process.<br /><br />\n									Once that is done you will receive another email with the actual new randomly generated password, That you will be able to change it at any time through your profile.');
INSERT INTO `SourceMessage` VALUES(683, 'login', 'Lost Password Form');
INSERT INTO `SourceMessage` VALUES(684, 'login', 'Dear {username},<br /><br />You''ve asked a reset for your password.<br /><br /> \n											Please click the link below in order to perform the reset and get a new password emailed to you.<br /><br />\n											The reset link is:<br /><br />\n											----------------------<br />\n											{link}<br />\n											----------------------<br /><br /><br />\n											<em>If you did not request this reset then please ignore this email.</em>');
INSERT INTO `SourceMessage` VALUES(685, 'global', '<br /><br />----------------<br />Regards,<br />The {team} Team.<br />');
INSERT INTO `SourceMessage` VALUES(686, 'login', 'Password Reset Request');
INSERT INTO `SourceMessage` VALUES(687, 'login', 'Thank You. Check your email for the password reset link.');
INSERT INTO `SourceMessage` VALUES(688, 'login', 'Dear {username},<br /><br />\n									We have reseted your password successfully.<br /><br />\n									You new password is: <b>{password}</b><br />');
INSERT INTO `SourceMessage` VALUES(689, 'login', 'Password Reset Completed');
INSERT INTO `SourceMessage` VALUES(690, 'login', 'Thank You. Your password was reset. Please check your email for you new generated password.');
INSERT INTO `SourceMessage` VALUES(691, 'admincustompages', '-- Any --');
INSERT INTO `SourceMessage` VALUES(692, 'admincustompages', '-- Choose --');
INSERT INTO `SourceMessage` VALUES(693, 'custompages', 'אודות');
INSERT INTO `SourceMessage` VALUES(694, 'custompages', 'There is already a page with that alias and language combination.');
INSERT INTO `SourceMessage` VALUES(695, 'adminmembers', 'IP:');
INSERT INTO `SourceMessage` VALUES(696, 'contactus', 'Contact Us Form');
INSERT INTO `SourceMessage` VALUES(697, 'contactus', 'Please fill all required fields and hit the submit button once your done.');
INSERT INTO `SourceMessage` VALUES(698, 'contactus', 'Name');
INSERT INTO `SourceMessage` VALUES(699, 'contactus', 'Email');
INSERT INTO `SourceMessage` VALUES(700, 'contactus', 'Subject');
INSERT INTO `SourceMessage` VALUES(701, 'contactus', 'Message');
INSERT INTO `SourceMessage` VALUES(702, 'contactus', 'Security Code');
INSERT INTO `SourceMessage` VALUES(703, 'contactus', 'Please enter your name');
INSERT INTO `SourceMessage` VALUES(704, 'contactus', 'Please enter your email address');
INSERT INTO `SourceMessage` VALUES(705, 'contactus', 'Enter the text displayed in the image below');
INSERT INTO `SourceMessage` VALUES(706, 'adminsettings', 'Setting group added.');
INSERT INTO `SourceMessage` VALUES(707, 'adminglobal', 'Contact Us Settings');
INSERT INTO `SourceMessage` VALUES(708, 'adminsetings', 'No Settings Added Yet.');
INSERT INTO `SourceMessage` VALUES(709, 'adminsettings', 'Setting added.');
INSERT INTO `SourceMessage` VALUES(710, 'adminglobal', 'Editing Setting');
INSERT INTO `SourceMessage` VALUES(711, 'adminsettings', 'Editing Setting');
INSERT INTO `SourceMessage` VALUES(712, 'contactus', 'Please Choose the appropriate subject for your input');
INSERT INTO `SourceMessage` VALUES(713, 'contactus', 'Please enter your message');
INSERT INTO `SourceMessage` VALUES(714, 'adminsettings', 'Setting edited.');
INSERT INTO `SourceMessage` VALUES(715, 'contactus', 'Support\r');
INSERT INTO `SourceMessage` VALUES(716, 'contactus', 'Affiliate\r');
INSERT INTO `SourceMessage` VALUES(717, 'contactus', 'Bug Report\r');
INSERT INTO `SourceMessage` VALUES(718, 'contactus', 'Documentation Bug Report\r');
INSERT INTO `SourceMessage` VALUES(719, 'contactus', 'Business Offers\r');
INSERT INTO `SourceMessage` VALUES(720, 'contactus', 'Questions\r');
INSERT INTO `SourceMessage` VALUES(721, 'contactus', 'Other... ');
INSERT INTO `SourceMessage` VALUES(722, 'contactus', '-- Choose --');
INSERT INTO `SourceMessage` VALUES(723, 'register', 'Registration Completed. Please sign in.');
INSERT INTO `SourceMessage` VALUES(724, 'contactus', 'Thank You. The form submitted successfully.');
INSERT INTO `SourceMessage` VALUES(725, 'global', 'No');
INSERT INTO `SourceMessage` VALUES(726, 'global', 'Yes');
INSERT INTO `SourceMessage` VALUES(727, 'contactus', 'New Contact Us Form Submitted<br /><br />\n													By: {name}<br />\n													Email: {email}<br />\n													Subject: {subject}<br />\n													========================<br />\n													{msg}<br />\n													========================<br /><br />\n													Regards, the {team} Team.');
INSERT INTO `SourceMessage` VALUES(728, 'contactus', 'New Contact Us Form: {subject}');
INSERT INTO `SourceMessage` VALUES(729, 'admincontactus', 'Contact Us');
INSERT INTO `SourceMessage` VALUES(730, 'admincontactus', 'Contact Us Submitted Form');
INSERT INTO `SourceMessage` VALUES(731, 'admincontactus', 'Name');
INSERT INTO `SourceMessage` VALUES(732, 'admincontactus', 'Sort list by name');
INSERT INTO `SourceMessage` VALUES(733, 'admincontactus', 'Email');
INSERT INTO `SourceMessage` VALUES(734, 'admincontactus', 'Sort list by email');
INSERT INTO `SourceMessage` VALUES(735, 'admincontactus', 'Subject');
INSERT INTO `SourceMessage` VALUES(736, 'admincontactus', 'Sort list by subject');
INSERT INTO `SourceMessage` VALUES(737, 'admincontactus', 'Date');
INSERT INTO `SourceMessage` VALUES(738, 'admincontactus', 'Sort list by date');
INSERT INTO `SourceMessage` VALUES(739, 'admincontactus', 'Options');
INSERT INTO `SourceMessage` VALUES(740, 'admincontactus', 'View Item');
INSERT INTO `SourceMessage` VALUES(741, 'admincontactus', 'Contact Us Submitted Forms');
INSERT INTO `SourceMessage` VALUES(742, 'contactus', 'Message Was Not Found.');
INSERT INTO `SourceMessage` VALUES(743, '', '');
INSERT INTO `SourceMessage` VALUES(744, 'contactus', 'By {name}');
INSERT INTO `SourceMessage` VALUES(745, 'contactus', 'Reply');
INSERT INTO `SourceMessage` VALUES(746, 'contactus', 'Send');
INSERT INTO `SourceMessage` VALUES(747, 'admincontactus', 'Read');
INSERT INTO `SourceMessage` VALUES(748, 'admincontactus', 'Sort list by read status');
INSERT INTO `SourceMessage` VALUES(749, 'contactus', 'Mark As Read');
INSERT INTO `SourceMessage` VALUES(750, 'contactus', 'Mark As Not Read');
INSERT INTO `SourceMessage` VALUES(751, 'contactus', 'Delete this item!');
INSERT INTO `SourceMessage` VALUES(752, 'contactus', 'Item Deleted.');
INSERT INTO `SourceMessage` VALUES(753, 'contactus', '{count} items marked as read.');
INSERT INTO `SourceMessage` VALUES(754, 'contactus', '{count} items marked as not read.');
INSERT INTO `SourceMessage` VALUES(755, 'contactus', '{count} items deleted.');
INSERT INTO `SourceMessage` VALUES(756, 'admincontactus', 'No items found.');
INSERT INTO `SourceMessage` VALUES(757, 'contactus', 'Viewing Message');
INSERT INTO `SourceMessage` VALUES(758, 'contactus', 'New Contact Us Form Submitted<br /><br />\n										    Id: {id}<br />\n											By: {name}<br />\n											Email: {email}<br />\n											Subject: {subject}<br />\n											========================<br />\n											{msg}<br />\n											========================<br /><br />\n											Regards, the {team} Team.');
INSERT INTO `SourceMessage` VALUES(759, 'contactus', 'You have received a new reply from {replyername}<br /><br />\n											 =====================<br />\n											 {msg}<br />\n											 =====================<br /><br />\n											 Regards, The {team} Team.');
INSERT INTO `SourceMessage` VALUES(760, 'contactus', 'Re: {subject}');
INSERT INTO `SourceMessage` VALUES(761, 'contactus', 'Reply Sent.');
INSERT INTO `SourceMessage` VALUES(762, 'contactus', 'You have received a new reply from <b>{replyername}</b><br /><br />\n											 =====================<br />\n											 {msg}<br />\n											 =====================<br /><br />\n											 Regards, The {team} Team.<br /><br />');
INSERT INTO `SourceMessage` VALUES(763, 'adminmembers', '{count} users deleted.');
INSERT INTO `SourceMessage` VALUES(764, 'adminmembers', 'User Deleted.');
INSERT INTO `SourceMessage` VALUES(765, 'adminsettings', 'Setting Value');
INSERT INTO `SourceMessage` VALUES(766, 'adminsettings', 'Setting Unique Key');
INSERT INTO `SourceMessage` VALUES(767, 'index', 'No News To Display.');
INSERT INTO `SourceMessage` VALUES(768, 'adminblog', 'Editing Tutorial');
INSERT INTO `SourceMessage` VALUES(769, 'adminmembers', 'Sorry, That email is already in use by another member.');
INSERT INTO `SourceMessage` VALUES(770, 'users', 'Sorry, But we could not find that user.');
INSERT INTO `SourceMessage` VALUES(771, 'users', 'Users');
INSERT INTO `SourceMessage` VALUES(772, 'users', 'Viewing {name} Profile');
INSERT INTO `SourceMessage` VALUES(773, 'users', 'Latest Submissions');
INSERT INTO `SourceMessage` VALUES(774, 'users', 'Tutorials');
INSERT INTO `SourceMessage` VALUES(775, 'users', 'No Tutorials Submitted.');
INSERT INTO `SourceMessage` VALUES(776, 'users', 'Blog Posts');
INSERT INTO `SourceMessage` VALUES(777, 'users', 'No Blog Posts Submitted.');
INSERT INTO `SourceMessage` VALUES(778, 'users', 'Username');
INSERT INTO `SourceMessage` VALUES(779, 'users', 'Sort list by username');
INSERT INTO `SourceMessage` VALUES(780, 'users', 'Joined');
INSERT INTO `SourceMessage` VALUES(781, 'users', 'Sort list by joined date');
INSERT INTO `SourceMessage` VALUES(782, 'users', 'Role');
INSERT INTO `SourceMessage` VALUES(783, 'users', 'Sort list by role');
INSERT INTO `SourceMessage` VALUES(784, 'users', 'Member');
INSERT INTO `SourceMessage` VALUES(785, 'users', 'Admin');
INSERT INTO `SourceMessage` VALUES(786, 'global', 'F.A.Q');
INSERT INTO `SourceMessage` VALUES(787, 'custompages', 'שאלות נפוצות');
INSERT INTO `SourceMessage` VALUES(788, 'error', 'Sorry, You are not allowed to enter this section.');
INSERT INTO `SourceMessage` VALUES(789, 'login', 'Thanks. You are now logged in.');
INSERT INTO `SourceMessage` VALUES(790, 'extensions', 'Extensions');
INSERT INTO `SourceMessage` VALUES(791, 'extensions', 'Categories');
INSERT INTO `SourceMessage` VALUES(792, 'extensions', 'Add Category');
INSERT INTO `SourceMessage` VALUES(793, 'extensions', 'Add Extension');
INSERT INTO `SourceMessage` VALUES(794, 'extensions', 'Position');
INSERT INTO `SourceMessage` VALUES(795, 'extensions', 'Title');
INSERT INTO `SourceMessage` VALUES(796, 'extensions', 'Alias');
INSERT INTO `SourceMessage` VALUES(797, 'extensions', 'Description');
INSERT INTO `SourceMessage` VALUES(798, 'extensions', 'Language');
INSERT INTO `SourceMessage` VALUES(799, 'extensions', 'Read');
INSERT INTO `SourceMessage` VALUES(800, 'extensions', 'Options');
INSERT INTO `SourceMessage` VALUES(801, 'extensions', 'Manage Comments');
INSERT INTO `SourceMessage` VALUES(802, 'extensions', 'Comments');
INSERT INTO `SourceMessage` VALUES(803, 'extensions', 'ID');
INSERT INTO `SourceMessage` VALUES(804, 'extensions', 'Author');
INSERT INTO `SourceMessage` VALUES(805, 'extensions', 'Sort list by author');
INSERT INTO `SourceMessage` VALUES(806, 'extensions', 'Post Date');
INSERT INTO `SourceMessage` VALUES(807, 'extensions', 'Sort list by date');
INSERT INTO `SourceMessage` VALUES(808, 'extensions', 'Status');
INSERT INTO `SourceMessage` VALUES(809, 'extensions', 'Sort list by visibility');
INSERT INTO `SourceMessage` VALUES(810, 'extensions', 'Comment');
INSERT INTO `SourceMessage` VALUES(811, 'extensions', 'No Comments Found.');
INSERT INTO `SourceMessage` VALUES(812, 'extensions', 'Adding Category');
INSERT INTO `SourceMessage` VALUES(813, 'extensions', 'Sub-Category');
INSERT INTO `SourceMessage` VALUES(814, 'extensions', 'Meta Description');
INSERT INTO `SourceMessage` VALUES(815, 'extensions', 'Meta Keywords');
INSERT INTO `SourceMessage` VALUES(816, 'extensions', 'ReadOnly Category');
INSERT INTO `SourceMessage` VALUES(817, 'extensions', 'Viewing Permission');
INSERT INTO `SourceMessage` VALUES(818, 'extensions', 'Adding Extensions Permission');
INSERT INTO `SourceMessage` VALUES(819, 'extensions', 'Adding Comments Permission');
INSERT INTO `SourceMessage` VALUES(820, 'extensions', 'Adding Files Permission');
INSERT INTO `SourceMessage` VALUES(821, 'extensions', 'Auto Approved Post Permission');
INSERT INTO `SourceMessage` VALUES(822, 'extensions', 'Choose a category that this category will be a child of.');
INSERT INTO `SourceMessage` VALUES(823, 'extensions', '-- Root --');
INSERT INTO `SourceMessage` VALUES(824, 'extensions', 'The language the category can be displayed in.');
INSERT INTO `SourceMessage` VALUES(825, 'extensions', 'User roles that can view this category (Defaults to nobody)');
INSERT INTO `SourceMessage` VALUES(826, 'extensions', 'User roles that can add blog to this category (Defaults to nobody)');
INSERT INTO `SourceMessage` VALUES(827, 'extensions', 'User roles that can add comments to this category (Defaults to nobody)');
INSERT INTO `SourceMessage` VALUES(828, 'extensions', 'User roles that can add files to this category (Defaults to nobody)');
INSERT INTO `SourceMessage` VALUES(829, 'extensions', 'User roles that can add blog this category without the need of manual approval (Defaults to nobody)');
INSERT INTO `SourceMessage` VALUES(830, 'extensions', 'Category Added.');
INSERT INTO `SourceMessage` VALUES(831, 'extensions', 'View Extensions');
INSERT INTO `SourceMessage` VALUES(832, 'extensions', 'View category');
INSERT INTO `SourceMessage` VALUES(833, 'extensions', 'Add extensions to this category');
INSERT INTO `SourceMessage` VALUES(834, 'extensions', 'Add sub category to this category');
INSERT INTO `SourceMessage` VALUES(835, 'extensions', 'Edit this category');
INSERT INTO `SourceMessage` VALUES(836, 'extensions', 'Delete this category!');
INSERT INTO `SourceMessage` VALUES(837, 'extensions', 'Category status Updated.');
INSERT INTO `SourceMessage` VALUES(838, 'extensions', 'Viewing Category');
INSERT INTO `SourceMessage` VALUES(839, 'extensions', 'Sort list by title');
INSERT INTO `SourceMessage` VALUES(840, 'extensions', 'Sort list by alias');
INSERT INTO `SourceMessage` VALUES(841, 'extensions', 'Posted');
INSERT INTO `SourceMessage` VALUES(842, 'extensions', 'Sort list by date posted');
INSERT INTO `SourceMessage` VALUES(843, 'extensions', 'Sort list by language');
INSERT INTO `SourceMessage` VALUES(844, 'extensions', 'Sort list by status');
INSERT INTO `SourceMessage` VALUES(845, 'extensions', 'Adding Extension');
INSERT INTO `SourceMessage` VALUES(846, 'extensions', 'Category');
INSERT INTO `SourceMessage` VALUES(847, 'extensions', 'Content');
INSERT INTO `SourceMessage` VALUES(848, 'extensions', 'Extension Approved');
INSERT INTO `SourceMessage` VALUES(849, 'extensions', 'Choose a category for this post');
INSERT INTO `SourceMessage` VALUES(850, 'extensions', '-- Choose --');
INSERT INTO `SourceMessage` VALUES(851, 'extensions', 'The language the post can be displayed in.');
INSERT INTO `SourceMessage` VALUES(852, 'extensions', 'Hidden (Draft)');
INSERT INTO `SourceMessage` VALUES(853, 'extensions', 'Open (Published)');
INSERT INTO `SourceMessage` VALUES(854, 'extensions', 'Extension Added.');
INSERT INTO `SourceMessage` VALUES(855, 'extensions', 'Toggle page status!');
INSERT INTO `SourceMessage` VALUES(856, 'extensions', 'view this post');
INSERT INTO `SourceMessage` VALUES(857, 'extensions', 'Edit this post');
INSERT INTO `SourceMessage` VALUES(858, 'extensions', 'Delete this post!');
INSERT INTO `SourceMessage` VALUES(859, 'extensions', 'Extension status Updated.');
INSERT INTO `SourceMessage` VALUES(860, 'extensions', 'Last Modified Date');
INSERT INTO `SourceMessage` VALUES(861, 'extensions', 'Last Modified By');
INSERT INTO `SourceMessage` VALUES(862, 'extensions', 'Editing Extension');
INSERT INTO `SourceMessage` VALUES(863, 'extensions', 'Extension Updated.');
INSERT INTO `SourceMessage` VALUES(864, 'extensions', 'Editing Category');
INSERT INTO `SourceMessage` VALUES(865, 'extensions', 'Category Updated.');
INSERT INTO `SourceMessage` VALUES(866, 'extensions', 'Category Deleted.');
INSERT INTO `SourceMessage` VALUES(867, 'extensions', 'Delete Category');
INSERT INTO `SourceMessage` VALUES(868, 'extensions', 'Move Categories To');
INSERT INTO `SourceMessage` VALUES(869, 'extensions', 'Choose a category to move all subcategories into');
INSERT INTO `SourceMessage` VALUES(870, 'extensions', 'Move Posts To');
INSERT INTO `SourceMessage` VALUES(871, 'extensions', 'Choose a category to move all posts into');
INSERT INTO `SourceMessage` VALUES(872, 'extensions', 'You must specify a valid category to move the items.');
INSERT INTO `SourceMessage` VALUES(873, 'custompages', 'דוקומנטציה');
INSERT INTO `SourceMessage` VALUES(874, 'extensions', 'Posted by <strong>{by}</strong> in {in} on {on}');
INSERT INTO `SourceMessage` VALUES(875, 'extensions', 'Add Post');
INSERT INTO `SourceMessage` VALUES(876, 'extensions', '{count} Pending Posts');
INSERT INTO `SourceMessage` VALUES(877, 'extensions', 'My Posts');
INSERT INTO `SourceMessage` VALUES(878, 'extensions', 'Please fill all required fields and hit the submit button once your done. It may take time for the extension to be displayed publicly.');
INSERT INTO `SourceMessage` VALUES(879, 'extensions', 'Choose a category for this extension');
INSERT INTO `SourceMessage` VALUES(880, 'extensions', 'Views');
INSERT INTO `SourceMessage` VALUES(881, 'extensions', 'No comments posted yet. Be the first!');
INSERT INTO `SourceMessage` VALUES(882, 'extensions', 'Post Comment');
INSERT INTO `SourceMessage` VALUES(883, 'extensions', 'Comment Added.');
INSERT INTO `SourceMessage` VALUES(884, 'extensions', 'Toggle comment status!');
INSERT INTO `SourceMessage` VALUES(885, 'extensions', 'My Extensions');
INSERT INTO `SourceMessage` VALUES(886, 'extensions', 'Extension UnApproved');
INSERT INTO `SourceMessage` VALUES(887, 'global', 'Extension UnApproved');
INSERT INTO `SourceMessage` VALUES(888, 'extensions', '{count} Pending Extensions');
INSERT INTO `SourceMessage` VALUES(889, 'global', 'Extension Approved');
INSERT INTO `SourceMessage` VALUES(890, 'extensions', 'There are no extensions to display!');
INSERT INTO `SourceMessage` VALUES(891, 'users', 'Extensions Posted');
INSERT INTO `SourceMessage` VALUES(892, 'users', 'No Extensions Submitted.');
INSERT INTO `SourceMessage` VALUES(893, 'users', 'Comments');
INSERT INTO `SourceMessage` VALUES(894, 'users', 'No comments posted yet. Be the first!');
INSERT INTO `SourceMessage` VALUES(895, 'users', 'Post Comment');
INSERT INTO `SourceMessage` VALUES(896, 'users', 'Comment Added.');
INSERT INTO `SourceMessage` VALUES(897, 'users', 'Toggle comment status!');
INSERT INTO `SourceMessage` VALUES(898, 'global', 'Profile');
INSERT INTO `SourceMessage` VALUES(899, 'extensions', 'Upload A File');
INSERT INTO `SourceMessage` VALUES(900, 'extensions', 'Please choose a file to upload and enter a description for that file. Then press the submit button.');
INSERT INTO `SourceMessage` VALUES(901, 'extensions', 'File');
INSERT INTO `SourceMessage` VALUES(902, 'extensions', 'Success! Your extension was uploaded.');
INSERT INTO `SourceMessage` VALUES(903, 'extensions', 'Name');
INSERT INTO `SourceMessage` VALUES(904, 'extensions', 'File Name');
INSERT INTO `SourceMessage` VALUES(905, 'extensions', 'File Description');
INSERT INTO `SourceMessage` VALUES(906, 'extensions', 'File Type');
INSERT INTO `SourceMessage` VALUES(907, 'extensions', 'Uploaded Date');
INSERT INTO `SourceMessage` VALUES(908, 'extensions', 'Downloads');
INSERT INTO `SourceMessage` VALUES(909, 'extensions', 'File Size');
INSERT INTO `SourceMessage` VALUES(910, 'extensions', 'Download A File');
INSERT INTO `SourceMessage` VALUES(911, 'extensions', 'Delete');
INSERT INTO `SourceMessage` VALUES(912, 'extensions', 'File Deleted.');
INSERT INTO `SourceMessage` VALUES(913, 'adminnewsletter', 'News Letter');
INSERT INTO `SourceMessage` VALUES(914, 'adminnewsletter', 'Newsletter Emails');
INSERT INTO `SourceMessage` VALUES(915, 'adminnewsletter', 'Email');
INSERT INTO `SourceMessage` VALUES(916, 'adminnewsletter', 'Sort list by email');
INSERT INTO `SourceMessage` VALUES(917, 'adminnewsletter', 'Joined');
INSERT INTO `SourceMessage` VALUES(918, 'adminnewsletter', 'Sort list by date');
INSERT INTO `SourceMessage` VALUES(919, 'adminnewsletter', 'Options');
INSERT INTO `SourceMessage` VALUES(920, 'adminnewsletter', 'No items found.');
INSERT INTO `SourceMessage` VALUES(921, 'newsletter', 'Add Subscriber');
INSERT INTO `SourceMessage` VALUES(922, 'newsletter', 'Email');
INSERT INTO `SourceMessage` VALUES(923, 'newsletter', 'Email Added.');
INSERT INTO `SourceMessage` VALUES(924, 'newsletter', 'Delete this item!');
INSERT INTO `SourceMessage` VALUES(925, 'newsletter', 'Item Deleted.');
INSERT INTO `SourceMessage` VALUES(926, 'newsletter', 'Send Newsletter');
INSERT INTO `SourceMessage` VALUES(927, 'adminglobal', 'Send!');
INSERT INTO `SourceMessage` VALUES(928, 'newsletter', 'Subject');
INSERT INTO `SourceMessage` VALUES(929, 'newsletter', '{count} Newsletter emails sent.');
INSERT INTO `SourceMessage` VALUES(930, 'index', 'Yii Key Features');
INSERT INTO `SourceMessage` VALUES(931, 'docs', 'מודל-תצוגה-קונטרולר (MVC)');
INSERT INTO `SourceMessage` VALUES(932, 'docs', 'ניהול תבניות ועיצוב');
INSERT INTO `SourceMessage` VALUES(933, 'index', 'What is Yii?');
INSERT INTO `SourceMessage` VALUES(934, 'index', 'Yii is a high-performance  component-based PHP framework for developing large-scale Web applications.');
INSERT INTO `SourceMessage` VALUES(935, 'index', 'Yii enables maximum reusability in Web programming and can significantly accelerate the development process. The name Yii (pronounced as Yee or [ji:]) stands for easy, efficient and extensible.');
INSERT INTO `SourceMessage` VALUES(936, 'index', 'Main Feature List');
INSERT INTO `SourceMessage` VALUES(937, 'index', 'MVC design pattern');
INSERT INTO `SourceMessage` VALUES(938, 'index', 'DAO and Active Record');
INSERT INTO `SourceMessage` VALUES(939, 'index', 'jQuery-based JavaScript support');
INSERT INTO `SourceMessage` VALUES(940, 'index', 'I18N and L10N');
INSERT INTO `SourceMessage` VALUES(941, 'index', 'Page, fragment and data caching');
INSERT INTO `SourceMessage` VALUES(942, 'index', 'Error handling and logging');
INSERT INTO `SourceMessage` VALUES(943, 'index', 'Theming');
INSERT INTO `SourceMessage` VALUES(944, 'index', 'Web services');
INSERT INTO `SourceMessage` VALUES(945, 'index', 'Console applications');
INSERT INTO `SourceMessage` VALUES(946, 'index', 'Authentication and authorization');
INSERT INTO `SourceMessage` VALUES(947, 'index', 'Web 2.0 widgets');
INSERT INTO `SourceMessage` VALUES(948, 'index', 'Form input and validation');
INSERT INTO `SourceMessage` VALUES(949, 'index', 'View complete feature list');
INSERT INTO `SourceMessage` VALUES(950, 'index', 'Latest Tutorials');
INSERT INTO `SourceMessage` VALUES(951, 'index', 'MVC Architecture');
INSERT INTO `SourceMessage` VALUES(952, 'index', 'Database, DAO/ActiveRecord');
INSERT INTO `SourceMessage` VALUES(953, 'index', 'Multilingual, I18N/L10N');
INSERT INTO `SourceMessage` VALUES(954, 'index', 'Widgets Management');
INSERT INTO `SourceMessage` VALUES(955, 'index', 'Theme Control');
INSERT INTO `SourceMessage` VALUES(956, 'index', 'About Us');
INSERT INTO `SourceMessage` VALUES(957, 'index', '<strong>{name}</strong> is an <b>un</b>official Hebrew support site for the {yii}, It was built to provide the local users with some information, Documentation, Tutorials and extensions that are already written and/or translated into Hebrew.');
INSERT INTO `SourceMessage` VALUES(958, 'index', 'The majority of the content provided here is written by the community and is provided totally free of charge.');
INSERT INTO `SourceMessage` VALUES(959, 'index', 'Read More');
INSERT INTO `SourceMessage` VALUES(960, 'extensions', 'Extensions RSS Feed');
INSERT INTO `SourceMessage` VALUES(961, 'index', 'Why should you use Yii?');
INSERT INTO `SourceMessage` VALUES(962, 'index', 'Easy');
INSERT INTO `SourceMessage` VALUES(963, 'index', 'Yii is easy to learn and use. You only need to know PHP and object-oriented programming. You are not forced to learn a new configuration or templating language.');
INSERT INTO `SourceMessage` VALUES(964, 'index', 'Well Documented');
INSERT INTO `SourceMessage` VALUES(965, 'index', 'Documentation');
INSERT INTO `SourceMessage` VALUES(966, 'index', 'Yii has very detailed {doc}. From the definitive guide to class reference, Yii has every information you need to quickly learn and master it.');
INSERT INTO `SourceMessage` VALUES(967, 'index', 'Feature Rich');
INSERT INTO `SourceMessage` VALUES(968, 'index', 'Yii comes with a rich set of features. From MVC, DAO/ActiveRecord, to theming, internationalization and localization, Yii provides nearly every feature needed by today''s Web 2.0 application development.');
INSERT INTO `SourceMessage` VALUES(969, 'index', 'Free!');
INSERT INTO `SourceMessage` VALUES(970, 'index', 'Last but not least, Yii is free! Yii uses the new BSD license, and it also ensures that the third-party work it integrates with use BSD-compatible licenses. This means it is both financially and lawfully free for you to use Yii to develop either open source or proprietary applications.');
INSERT INTO `SourceMessage` VALUES(971, 'index', 'Latest Extensions');
INSERT INTO `SourceMessage` VALUES(972, 'index', 'Newsletter');
INSERT INTO `SourceMessage` VALUES(973, 'index', 'Signup to our newsletter, And stay up-to-date with the latest information, Documentation, Tutorials and extensions submissions.');
INSERT INTO `SourceMessage` VALUES(974, 'index', 'Enter email address...');
INSERT INTO `SourceMessage` VALUES(975, 'index', 'Email');
INSERT INTO `SourceMessage` VALUES(976, 'index', 'Email Address');
INSERT INTO `SourceMessage` VALUES(977, 'index', 'Subscribe');
INSERT INTO `SourceMessage` VALUES(978, 'newsletter', 'That email address is already subscribed.');
INSERT INTO `SourceMessage` VALUES(979, 'index', 'Thank you. You are now subscribed to our newsletter.');
INSERT INTO `SourceMessage` VALUES(980, 'newsletter', '{count} items deleted.');
INSERT INTO `SourceMessage` VALUES(981, 'adminglobal', 'Preview!');
INSERT INTO `SourceMessage` VALUES(982, 'newsletter', 'Preview');
INSERT INTO `SourceMessage` VALUES(983, 'error', 'Sorry, But the page you were looking for was not found.');
INSERT INTO `SourceMessage` VALUES(984, 'login', 'Login With Facebook');
INSERT INTO `SourceMessage` VALUES(985, 'login', 'Connect with Facebook');
INSERT INTO `SourceMessage` VALUES(986, 'members', 'Sorry, We could not find a member with that facebook account.');
INSERT INTO `SourceMessage` VALUES(987, 'login', 'We could not find any user associated with that facebook account in our records.');
INSERT INTO `SourceMessage` VALUES(988, 'login', '<b>{name}</b>, Your almost there! Just complete one of the forms below to finish the login process. If you have already signed up to this website in the past and have an active account that you would like to associate with your facebook account please fill in the <i>Associate Account Form</i>, If you never signed-up to this website and would like to use your facebook account here just complete the <i>Sign-Up Form</i>. Once you have completed one of the forms, Just hit the submit button for the form you have chosen.');
INSERT INTO `SourceMessage` VALUES(989, 'login', '<b>{name}</b>, Your almost there! Just complete one of the forms below to finish the login process. If you have already signed up to this website in the past and have an active account that you would like to associate with your facebook account please fill in the <i>Associate Account Form</i>, If you never signed-up to this website and would like to use your facebook account here just complete the <i>Sign-Up Form</i>. Once you have completed one of the forms, Just hit the submit button in the form you have chosen.');
INSERT INTO `SourceMessage` VALUES(990, 'login', 'Associate Account Form');
INSERT INTO `SourceMessage` VALUES(991, 'login', 'Associate an account with your facebook account.');
INSERT INTO `SourceMessage` VALUES(992, 'login', 'Sign-Up Form');
INSERT INTO `SourceMessage` VALUES(993, 'login', 'Signup using your facebook account information');
INSERT INTO `SourceMessage` VALUES(994, 'login', 'Enter your username');
INSERT INTO `SourceMessage` VALUES(995, 'members', 'Sorry, But the emails of the accounts did no match.');
INSERT INTO `SourceMessage` VALUES(996, 'login', 'We found a user account associated with your facebook account, But the email used there is different, Please complete the form below to login as that user.');
INSERT INTO `SourceMessage` VALUES(997, 'login', 'Thank You. You are now logged in.');


--
-- Dumping data for table `members`
--

INSERT INTO `members` (`username`, `email`, `password`, `joined`, `role`) VALUES ('admin', 'admin@admin.com', 'a95d69667de20f113fb11e1d6605ab1367c8eabd', 1272716496, 'admin');

--
-- Dumping data for table `settings`
--

INSERT INTO `settings` VALUES(13, 'Application (Site) Title', 'This is the default application (site) title.', 2, 'text', 'applicationName', 'My Site', 'Yiiframework.co.il', '', '');
INSERT INTO `settings` VALUES(14, 'Default Role ', 'Choose the default group for new users registered.', 2, 'dropdown', 'default_group', 'user', 'admin', '#show_roles#', '');
INSERT INTO `settings` VALUES(15, 'Incoming Email Address', 'Enter the incoming email address', 2, 'text', 'emailin', 'customers@yiiframework.co.il', 'customers@yiiframework.co.il', '', '');
INSERT INTO `settings` VALUES(16, 'Out Going Email Address', 'Enter the out going email address.', 2, 'text', 'emailout', 'support@yiiframework.co.il', 'support@yiiframework.co.il', '', '');
INSERT INTO `settings` VALUES(17, 'Subject Topics', 'Enter the subject topics. One per line.', 3, 'textarea', 'contactustopics', 'Support\r\nAffiliate\r\nBug Report\r\nDocumentation Bug Report\r\nBusiness Offers\r\nQuestions\r\nOther... ', NULL, '', '');
INSERT INTO `settings` VALUES(18, 'Email the submitted forms?', 'Do you wish to email the submitted forms to the support email address of the system?', 3, 'yesno', 'contactusemail', '1', NULL, '', '');
INSERT INTO `settings` VALUES(19, 'Latest News Category', 'Choose the category to grab the latest news from', 2, 'dropdown', 'latestnewscat', '0', '1', '#show_blogcats#', '');

--
-- Dumping data for table `settingscats`
--

INSERT INTO `settingscats` VALUES(2, 'General Settings', 'General settings related to the entire application', 'general');
INSERT INTO `settingscats` VALUES(3, 'Contact Us Settings', 'Contact Us form and page settings', 'contactus');
